﻿"Responder Name","Group Name","You can respond to this survey multiple times. To remember each response, you can give it any name or leave it as-is below.",Responder Location Latitude,Responder Location Longitude,Responder Location Location,"ResponseTime (UTC)","NotesQuestionTitle","Server Receipt Timestamp (UTC)"
"Dewi Krisma- 340055755","0734 - Subdirektorat Pengembangan Model Statistik","Response 1","-6.16505512925194","106.837354491125","Jl. Dr. Sutomo No.6-8, Ps. Baru, Kecamatan Sawah Besar, Kota Jakarta Pusat, Daerah Khusus Ibukota Jakarta 10710, Indonesia",="2022-07-14 23:52:19 PM","",="2022-07-14 23:52:20 PM"
"Khairunnisah","0734 - Subdirektorat Pengembangan Model Statistik","Response 1","-6.1657466","106.8371422","Jl. Dr. Sutomo No.8, Ps. Baru, Kecamatan Sawah Besar, Kota Jakarta Pusat, Daerah Khusus Ibukota Jakarta 10710, Indonesia",="2022-07-15 00:01:26 AM","",="2022-07-15 00:01:26 AM"
"Khairunnisah","0734 - Subdirektorat Pengembangan Model Statistik","Response 2","-6.1655537","106.8372601","Jl. Dr. Sutomo No.6-8, Ps. Baru, Kecamatan Sawah Besar, Kota Jakarta Pusat, Daerah Khusus Ibukota Jakarta 10710, Indonesia",="2022-07-15 00:04:31 AM","",="2022-07-15 00:04:31 AM"
"I N Setiawan - 340060142","0734 - Subdirektorat Pengembangan Model Statistik","Response 1","-6.1657182","106.8369287","Jl. Budi Utomo No.7, Ps. Baru, Kecamatan Sawah Besar, Kota Jakarta Pusat, Daerah Khusus Ibukota Jakarta 10710, Indonesia",="2022-07-15 00:09:51 AM","",="2022-07-15 00:09:55 AM"
"340060451 - Satria Bagus Panuntun","0734 - Subdirektorat Pengembangan Model Statistik","Response 1","-6.1648706","106.837267","Jl. Dr. Sutomo No.6-8, Ps. Baru, Kecamatan Sawah Besar, Kota Jakarta Pusat, Daerah Khusus Ibukota Jakarta 10710, Indonesia",="2022-07-15 00:19:00 AM","",="2022-07-15 00:19:01 AM"
"Maria A W - 340060192","0734 - Subdirektorat Pengembangan Model Statistik","Tanggapan 2","-6.1652414","106.8370338","Jl. Dr. Sutomo No.6, Ps. Baru, Kecamatan Sawah Besar, Kota Jakarta Pusat, Daerah Khusus Ibukota Jakarta 10710, Indonesia",="2022-07-15 00:29:33 AM","",="2022-07-15 00:29:33 AM"
"Dewi Krisma- 340055755","0734 - Subdirektorat Pengembangan Model Statistik","Response 2","-6.1656936","106.8373091","Jl. Dr. Sutomo No.8, Ps. Baru, Kecamatan Sawah Besar, Kota Jakarta Pusat, Daerah Khusus Ibukota Jakarta 10710, Indonesia",="2022-07-15 00:34:04 AM","",="2022-07-15 00:34:05 AM"
"Dewi L A  - 340057030","0734 - Subdirektorat Pengembangan Model Statistik","Response 1","-6.1650819","106.8372819","Jl. Dr. Sutomo No.6, Ps. Baru, Kecamatan Sawah Besar, Kota Jakarta Pusat, Daerah Khusus Ibukota Jakarta 10710, Indonesia",="2022-07-15 00:43:41 AM","",="2022-07-15 00:43:43 AM"
"Maria A W - 340060192","0734 - Subdirektorat Pengembangan Model Statistik","Tanggapan 3","-6.165615","106.8376325","Jl. Dr. Sutomo No.8, Ps. Baru, Kecamatan Sawah Besar, Kota Jakarta Pusat, Daerah Khusus Ibukota Jakarta 10710, Indonesia",="2022-07-15 09:31:06 AM","",="2022-07-15 09:31:06 AM"
"Nensi Fitria D - 340058401","0734 - Subdirektorat Pengembangan Model Statistik","Response 1","-6.1651421","106.8372819","Jl. Dr. Sutomo No.6, Ps. Baru, Kecamatan Sawah Besar, Kota Jakarta Pusat, Daerah Khusus Ibukota Jakarta 10710, Indonesia",="2022-07-15 00:20:23 AM","",="2022-07-15 00:20:22 AM"
"Farhan - 340060092","0734 - Subdirektorat Pengembangan Model Statistik","Response 1","-6.164163","106.8380127","Jl. Dr. Sutomo No.64, Ps. Baru, Kecamatan Sawah Besar, Kota Jakarta Pusat, Daerah Khusus Ibukota Jakarta 10710, Indonesia",="2022-07-15 00:36:24 AM","",="2022-07-15 00:36:24 AM"
"I N Setiawan - 340060142","0734 - Subdirektorat Pengembangan Model Statistik","Response 2","-6.1653488","106.8374456","Jl. Dr. Sutomo No.6-8, Ps. Baru, Kecamatan Sawah Besar, Kota Jakarta Pusat, Daerah Khusus Ibukota Jakarta 10710, Indonesia",="2022-07-15 09:31:50 AM","",="2022-07-15 09:31:52 AM"
"Dewi Krisma- 340055755","0734 - Subdirektorat Pengembangan Model Statistik","Response 3","-6.1658361","106.8375132","Jl. Dr. Sutomo No.8, Ps. Baru, Kecamatan Sawah Besar, Kota Jakarta Pusat, Daerah Khusus Ibukota Jakarta 10710, Indonesia",="2022-07-15 09:31:59 AM","",="2022-07-15 09:32:00 AM"
"340060451 - Satria Bagus Panuntun","0734 - Subdirektorat Pengembangan Model Statistik","Response 3","-6.165161","106.837295","Jl. Dr. Sutomo No.6-8, Ps. Baru, Kecamatan Sawah Besar, Kota Jakarta Pusat, Daerah Khusus Ibukota Jakarta 10710, Indonesia",="2022-07-15 09:34:43 AM","",="2022-07-15 09:34:43 AM"
"Farhan A - 340060092","0734 - Subdirektorat Pengembangan Model Statistik","Response 2","-6.1653128","106.8372498","Jl. Dr. Sutomo No.6-8, Ps. Baru, Kecamatan Sawah Besar, Kota Jakarta Pusat, Daerah Khusus Ibukota Jakarta 10710, Indonesia",="2022-07-15 09:43:33 AM","",="2022-07-15 09:43:32 AM"
"Maria A W - 340060192","0734 - Subdirektorat Pengembangan Model Statistik","Tanggapan 1","-6.1652987","106.837048","RRMP+VVJ, Ps. Baru, Kecamatan Sawah Besar, Kota Jakarta Pusat, Daerah Khusus Ibukota Jakarta 10710, Indonesia",="2022-07-15 00:29:00 AM","",="2022-07-15 00:29:00 AM"
"Dhiar Niken L - 340054081","0734 - Subdirektorat Pengembangan Model Statistik","Response 1","-6.1650183","106.8370413","Jl. Dr. Sutomo No.6, Ps. Baru, Kecamatan Sawah Besar, Kota Jakarta Pusat, Daerah Khusus Ibukota Jakarta 10710, Indonesia",="2022-07-15 00:32:54 AM","",="2022-07-15 00:32:55 AM"
"Nensi Fitria D - 340058401","0734 - Subdirektorat Pengembangan Model Statistik","Response 2","-6.1656163","106.8376382","Jl. Dr. Sutomo No.8, Ps. Baru, Kecamatan Sawah Besar, Kota Jakarta Pusat, Daerah Khusus Ibukota Jakarta 10710, Indonesia",="2022-07-15 09:35:45 AM","",="2022-07-15 09:35:43 AM"
"Khairunnisah","0734 - Subdirektorat Pengembangan Model Statistik","Response 3","-6.1656395","106.8375864","Jl. Dr. Sutomo No.8, Ps. Baru, Kecamatan Sawah Besar, Kota Jakarta Pusat, Daerah Khusus Ibukota Jakarta 10710, Indonesia",="2022-07-15 09:31:52 AM","",="2022-07-15 09:31:53 AM"
"Dhiar Niken L - 340054081","0734 - Subdirektorat Pengembangan Model Statistik","Response 2","-6.16562","106.8376509","Jl. Dr. Sutomo No.8, Ps. Baru, Kecamatan Sawah Besar, Kota Jakarta Pusat, Daerah Khusus Ibukota Jakarta 10710, Indonesia",="2022-07-15 09:34:06 AM","",="2022-07-15 09:34:09 AM"
"340060451 - Satria Bagus Panuntun","0734 - Subdirektorat Pengembangan Model Statistik","Response 2","-6.1650085","106.8368759","Jl. Dr. Sutomo No.3, Kota Tua, Muntilan, Kecamatan Sawah Besar, Kota Jakarta Pusat, Daerah Khusus Ibukota Jakarta 10710, Indonesia",="2022-07-15 09:34:14 AM","",="2022-07-15 09:34:14 AM"
"Dewi L A  - 340057030","0734 - Subdirektorat Pengembangan Model Statistik","Response 2","-6.1656334","106.8376037","Jl. Dr. Sutomo No.8, Ps. Baru, Kecamatan Sawah Besar, Kota Jakarta Pusat, Daerah Khusus Ibukota Jakarta 10710, Indonesia",="2022-07-15 09:36:24 AM","",="2022-07-15 09:36:39 AM"
