kab_code,balita,lansia,pertanian,merokok,no_access_food,hunian_tak_layak,persen_desa_laut,persen_kel_sungai,persen_disabilitas
1101,8.736942070275404,3.608736942070275,21.69990503323837,21.27255460588794,30.88235294117647,2.7573529411764706,81.88,0.29,0.8
1102,12.05611573871109,2.3235423060061375,15.51950898728628,19.640508548882067,12.70718232044199,3.4990791896869244,17.24,1.22,0.7
1103,9.649502379922112,4.54348766767633,19.255733448723497,23.366508005192557,9.75609756097561,1.2195121951219512,30.77,4.15,0.98
1104,11.048425011753643,2.8678890456041373,27.73859896567936,22.614010343206395,16.608391608391607,3.846153846153846,0,1.71,0.88
1105,9.218203033838972,3.6172695449241536,19.1365227537923,20.6145468689226,6.153846153846153,3.5384615384615383,11.48,1.18,0.66
1106,10.961538461538462,2.5,32.5,24.326923076923077,8.007117437722421,1.4234875444839856,0,1.64,0.59
1107,9.3376264949402,4.139834406623735,15.639374425023,24.471021159153633,6.83453237410072,1.079136690647482,10.59,1.38,0.63
1108,10.057581573896352,4.452975047984644,13.742802303262955,19.50095969289827,8.333333333333332,0.7716049382716049,12.09,0.17,0.5
1109,10.091378625347636,5.284068335319825,21.176003178386967,18.990862137465236,5.323741007194244,3.4532374100719423,5.06,0.61,0.87
1110,11.001577287066247,5.047318611987381,18.37539432176656,19.045741324921135,14.634146341463412,3.048780487804878,12.64,0.43,0.81
1111,8.96577380952381,3.757440476190476,19.38244047619048,18.303571428571427,13.803230543318648,4.992657856093979,4.34,0.47,0.72
1112,10.483506552191594,4.1572525982828745,15.454134658834162,23.813827383642113,6.691449814126393,0.18587360594795535,21.05,0.52,0.88
1113,10.494450050454086,2.320887991927346,34.56104944500504,24.77295660948537,4.638218923933209,1.1131725417439702,0,0.46,0.73
1114,9.156118143459915,3.9662447257383966,16.160337552742615,18.438818565400844,7.9288025889967635,1.779935275080906,4.23,1.12,0.61
1115,7.836198179979778,4.954499494438827,24.317492416582407,27.35085945399393,7.434944237918216,0.7434944237918215,6.31,0.91,1.12
1116,10.48728813559322,5.190677966101695,26.27118644067797,24.04661016949153,14.661654135338344,1.3157894736842104,30.23,1.59,0.72
1117,9.693318729463307,4.052573932092004,38.11610076670318,22.89156626506024,7.889908256880735,2.5688073394495414,0,0.27,0.6
1118,9.528487229862476,6.139489194499018,19.597249508840864,19.400785854616895,4.363636363636363,1.4545454545454546,15.32,0.19,1
1171,9.803921568627452,3.828197945845005,0.7936507936507936,14.519140989729229,4.222972972972973,0,13.33,0.15,0.26
1172,10.532150776053216,4.1019955654102,5.931263858093126,18.79157427937916,5.175983436853001,0.6211180124223602,88.89,0,0.94
1173,8.461201227531784,3.8579570363875497,6.926786497150372,19.99123191582639,13.043478260869565,1.0434782608695654,7.58,1.28,0.42
1174,8.149779735682818,4.273127753303965,6.6960352422907485,18.06167400881057,8.050089445438283,0.5366726296958855,27.94,0.12,0.43
1175,12.828507795100222,2.2717149220489974,17.7728285077951,18.21826280623608,11.76470588235294,6.25,0,7.31,0.56
1201,8.934579439252337,3.738317757009346,40.26168224299066,13.94392523364486,25.650557620817843,27.323420074349443,7.65,0.47,0.84
1202,9.300622482607103,4.174295129989015,20.94470889783962,23.361406078359575,13.597733711048155,10.623229461756374,4.91,0.67,0.39
1203,10.33912324234905,3.928866832092639,34.61538461538461,22.74607113316791,7.401315789473685,11.18421052631579,0.81,0.77,0.4
1204,8.902772354549004,3.5532994923857872,21.86645841468176,22.41311987504881,14.215686274509803,9.477124183006536,20,2.99,0.37
1205,8.768193113241036,5.8217962371317,35.995740149094786,21.08626198083067,7.575757575757576,0.9090909090909092,0,0.35,0.44
1206,8.767657087189479,6.8679980516317585,33.75547978567949,20.45786653677545,13.003663003663004,1.098901098901099,0,0.57,0.73
1207,8.004595940252775,3.600153198008426,17.426273458445042,20.413634622749903,13.149847094801222,1.6819571865443423,4.08,1.39,0.22
1208,8.276797829036635,3.799185888738128,16.85888738127544,20.62415196743555,11.568123393316196,1.0282776349614398,2.94,0.56,0.29
1209,7.488247145735392,6.581598388179985,24.78173270651444,19.879113498992613,6.2953995157385,0.3631961259079903,0,0.24,0.33
1210,8.398268398268398,5.151515151515151,40.38961038961039,21.818181818181817,8.116883116883116,0.8116883116883116,0,0.05,0.46
1211,8.095046314941602,4.873137333870318,39.347563431333064,21.103503826016915,4.154727793696276,1.002865329512894,0,0.33,0.44
1212,8.997901364113327,3.8562434417628544,8.919202518363065,18.23189926547744,12.474645030425965,0.3042596348884381,3.55,0.45,0.15
1213,8.410596026490067,5.1655629139072845,20.066225165562916,19.70198675496689,10.628019323671497,3.0193236714975846,10.83,2.55,0.34
1214,9.66325036603221,2.342606149341142,39.31185944363104,11.566617862371888,44.29752066115702,25.950413223140497,28.63,1.6,0.68
1215,8.86634318482576,6.440229378032643,45.69916188795765,19.982355535950596,6.7765567765567765,0.9157509157509156,0,0.22,0.45
1216,10.702012763868437,3.6327933235149734,35.29700540009818,20.71674030436917,14.173228346456693,3.937007874015748,0,0,0.52
1217,8.655705996131529,6.5764023210831715,41.10251450676983,20.647969052224372,16.69724770642202,0.9174311926605504,0,0.58,0.6
1218,8.047210300429185,4.291845493562231,18.419170243204576,19.349070100143063,16.307277628032345,0,5.76,0.57,0.33
1219,9.772989611388995,3.693728357060408,18.27626010003848,22.431704501731435,12.44309559939302,0.9104704097116842,15.23,0.96,0.41
1220,10.662701784197113,2.888700084961767,34.32455395072217,22.812234494477487,4.7775947281713345,4.448105436573312,0,0.4,0.37
1221,11.475409836065571,2.5220680958385877,26.986128625472887,22.488440521227407,10.726643598615915,6.228373702422145,0,0.44,0.37
1222,7.856849033319621,2.13903743315508,22.007404360345536,20.855614973262032,4.601226993865031,2.1472392638036815,0,1.27,0.11
1223,9.81132075471698,4.192872117400419,24.82180293501048,22.641509433962263,18.476499189627223,4.051863857374392,3.33,1.51,0.32
1224,7.246918192005977,3.0631303698169594,35.674262233843855,13.186402689577886,32.36363636363637,24.727272727272727,34.51,2.57,0.72
1225,8.528620822128314,3.534383403764887,38.53246254321936,12.79293123319247,35.10054844606947,20.29250457038391,29.52,1.5,1.01
1271,7.17766947275144,4.60788657509969,6.823216659282233,22.02038103677448,0.7299270072992701,2.0072992700729926,64.71,2.26,0.15
1272,10.628674807779284,3.889642695612846,9.995477159656264,21.16689280868385,4.788213627992634,1.841620626151013,0,4.08,0.15
1273,8.879310344827587,4.870689655172414,2.6724137931034484,17.24137931034483,7.224958949096881,0.3284072249589491,0,0.54,0.12
1274,7.819548872180452,3.8095238095238098,2.907268170426065,19.44862155388471,9.34065934065934,0,0,1.22,0.27
1275,7.936507936507936,5.043522785458269,1.7409114183307732,16.43625192012289,8.414872798434443,0.09784735812133072,3.97,1.49,0.07
1276,7.514983863531581,4.472106961733518,3.872752420470263,14.384508990318118,8.12720848056537,0.176678445229682,0,0.32,0.17
1277,9.675967596759676,3.2403240324032403,8.64086408640864,21.377137713771376,12.522045855379188,7.936507936507936,0,1.62,0.31
1278,9.384858044164035,4.298107255520505,16.443217665615144,16.16719242902208,28.388278388278387,8.241758241758241,31.68,0.75,0.44
1301,7.960199004975125,3.1840796019900495,37.81094527363184,22.08955223880597,27.392120075046904,24.01500938086304,76.74,3.69,0.32
1302,9.694555112881806,5.843293492695882,22.045152722443557,21.71314741035856,9.193776520509193,2.828854314002829,20.88,2.33,0.62
1303,8.907363420427552,6.175771971496437,35.55027711797308,24.54473475851148,5.061349693251533,3.834355828220859,0,1.89,0.53
1304,9.279717189571365,4.286345558992489,20.7688908528502,23.420238621299163,12.56637168141593,4.601769911504426,0,2.81,0.72
1305,7.4681986048420175,9.232663110381615,23.79975379565039,23.18424292162495,3.211009174311927,1.376146788990826,0,0.18,0.74
1306,8.284241531664211,7.768777614138438,16.384388807069218,22.27540500736377,17.835365853658537,2.2865853658536586,13.59,0.72,0.87
1307,9.924190213645762,9.166092350103378,21.088904203997245,21.95037904893177,10.854816824966075,1.2211668928086838,2.2,0.42,0.58
1308,7.011070110701108,7.339073390733908,25.051250512505124,23.493234932349328,5.51301684532925,2.143950995405819,0,1.64,0.64
1309,9.172809172809172,5.241605241605242,30.13923013923014,22.07207207207207,6.688417618270799,3.262642740619902,0,2.4,0.57
1310,10.86464463558171,4.119511090991399,25.848800362154822,24.354911724762335,11.77536231884058,2.5362318840579707,0,1.65,0.71
1311,9.15371329879102,4.57685664939551,21.632124352331605,21.157167530224523,3.565640194489465,1.1345218800648298,0,0.5,0.7
1312,9.613130128956625,3.6342321219226257,21.727237202032047,22.391559202813603,8.242612752721618,2.6438569206842923,7.69,1.4,0.37
1371,8.075933075933076,5.534105534105534,2.9922779922779923,19.015444015444015,13.780025284450062,0.6321112515802781,23.08,0.27,0.17
1372,8.76699484294421,4.594467885607126,3.375527426160337,19.64369432723863,2.255639097744361,0.9398496240601504,0,1.92,0.31
1373,8.555657773689052,5.381784728610856,9.521619135234593,18.629254829806808,2.2388059701492535,1.4925373134328357,0,0.21,0.52
1374,8.089409260244812,5.694518360830228,4.044704630122406,20.223523150612028,10.8,0.4,0,2.62,0.29
1375,7.512690355329949,5.380710659898477,1.4213197969543148,18.47715736040609,4.571428571428571,0.5714285714285714,0,0.18,0.28
1376,7.884972170686456,6.307977736549166,7.838589981447125,21.753246753246753,6.8645640074211505,0,0,0.23,0.31
1377,8.469475494411007,6.7927773000859855,6.0189165950128976,17.540842648323302,10.313075506445673,0,19.72,0.36,0.62
1401,8.426483233018056,4.299226139294927,20.894239036973342,20.55030094582975,8.032786885245901,1.639344262295082,0,0.78,0.44
1402,9.261477045908183,3.153692614770459,22.195608782435137,21.077844311377245,7.587253414264036,3.9453717754172986,0,2.53,0.33
1403,8.176795580110497,4.051565377532228,26.85082872928177,21.952117863720073,11.80371352785146,6.23342175066313,13.56,8.14,0.32
1404,9.213208316347329,1.7529555646147574,22.17692621280065,22.013860578883,11.282843894899536,2.936630602782071,8.47,0.77,0.17
1405,8.513238289205702,3.0142566191446027,16.130346232179228,19.30753564154786,6.481481481481481,0.15432098765432098,7.63,1.63,0.2
1406,8.594270486342438,2.2318454363757496,19.653564290473017,21.319120586275815,7.830551989730424,0,0,1.21,0.31
1407,8.467309753483388,2.465166130760986,23.11539835655591,22.829581993569132,7.317073170731707,0.6775067750677506,0,1.82,0.27
1408,8.757267441860463,3.7427325581395343,17.47819767441861,20.13081395348837,5.2781740370898715,0.9985734664764622,49.03,0.2,0.22
1409,8.514305411926921,2.24060668734919,21.854532919682867,19.958634953464323,11.253561253561251,3.8461538461538463,14.14,1.77,0.3
1410,8.672480620155039,4.748062015503876,22.916666666666664,21.899224806201552,20.0354609929078,4.964539007092198,80.58,1.07,0.49
1471,8.60250494396836,3.065260382333553,1.845748187211602,15.062623599208964,4.3478260869565215,0.4968944099378882,0,0.08,0.08
1473,10.38599283724632,2.745722244329487,7.361719060883407,20.374054914444887,11.001642036124796,0.3284072249589491,45.45,0.5,0.15
1501,8.300395256916996,5.7312252964426875,31.027667984189723,22.18379446640316,5.592105263157895,0.8223684210526315,0,2.05,0.65
1502,8.751099384344766,3.605980650835531,28.45206684256816,21.767810026385227,11.3323124042879,1.6845329249617151,0,3.08,0.54
1503,9.460616438356166,3.4674657534246576,21.489726027397264,21.575342465753423,6.178861788617886,1.9512195121951224,0,1.43,0.41
1504,9.197816043679126,3.485930281394372,24.8215035699286,22.25955480890382,10.064935064935064,3.7337662337662336,0,4.77,0.42
1505,9.385245901639344,3.155737704918033,22.37704918032787,19.262295081967213,2.591463414634146,0.9146341463414636,0,2.44,0.31
1506,8.02784222737819,5.4292343387471,30.997679814385148,20.97447795823666,5.501618122977346,0.16181229773462785,26.88,10.57,0.42
1507,9.150612959719789,3.852889667250438,24.91243432574431,21.409807355516637,8.01963993453355,0.9819967266775778,2.24,5.41,0.36
1508,8.415841584158414,3.671617161716171,31.023102310231028,22.81353135313531,6.666666666666667,1.5151515151515151,0,3.64,0.55
1509,8.75972165370446,4.297994269340974,24.682767089643882,22.103970528039294,8.054711246200608,1.5197568389057752,0,2.66,0.46
1571,9.104312569111684,4.386288241798746,2.617029119056395,16.107629929966823,6.997084548104955,0.1457725947521866,0,0.64,0.15
1572,7.055050774986639,6.680919294494922,13.468733297701762,22.34099412079102,7.575757575757576,4.3560606060606055,0,0.27,0.52
1601,8.406374501992032,4.621513944223107,24.382470119521912,24.820717131474105,17.27272727272727,1.818181818181818,0,1.27,0.45
1602,7.899461400359066,5.098743267504488,29.73070017953321,23.949730700179533,20.15404364569962,6.033376123234917,3.98,6.78,0.36
1603,9.14572864321608,4.388609715242882,28.676716917922946,23.41708542713568,7.179487179487179,2.8205128205128207,0,0.55,0.58
1604,7.954986418315871,4.928211098176174,28.3663174233605,26.30966239813737,11.874105865522171,3.5765379113018603,0,0.41,0.72
1605,7.774936061381074,4.9104859335038356,37.69820971867008,28.184143222506396,8.289241622574956,1.4109347442680775,0,1.19,0.44
1606,8.018154311649017,4.425113464447807,28.517397881996978,21.709531013615734,11.706629055007053,4.372355430183356,0,3.73,0.32
1607,8.788282290279627,3.395472703062582,26.498002663115845,24.73368841544607,7.179487179487179,6.153846153846154,3.93,6.81,0.32
1608,8.72549019607843,4.019607843137255,42.69607843137255,28.72549019607843,7.894736842105264,11.228070175438596,0,2.26,0.57
1609,8.573625528642829,5.613225682429835,31.64167627835448,23.5678585159554,11.830985915492958,0.8450704225352111,0,0.63,0.36
1610,8.707643814026794,4.649330181245075,23.52245862884161,23.20724980299448,12.89833080424886,7.435508345978755,0,7.86,0.52
1611,8.454957221942628,5.234021137393055,39.90941117262204,28.18319073980875,19.08256880733945,10.825688073394495,0,1.85,0.81
1612,9.975550122249388,3.8141809290953543,37.31051344743276,22.836185819070906,9.461966604823749,1.1131725417439702,0,2.63,0.63
1613,9.197154471544716,3.2520325203252036,29.065040650406505,25.25406504065041,20.925925925925924,1.4814814814814816,0,1.92,0.45
1671,7.458321146534075,4.972214097689383,0.8482012284293653,15.70634688505411,5.244338498212158,0.3575685339690107,0,1.25,0.1
1672,10.323203087313072,3.5214664737095993,12.493970091654608,18.861553304389773,14.867256637168142,0.7079646017699115,0,0.42,0.23
1673,8.810126582278482,4.962025316455696,23.49367088607595,27.49367088607595,4.029304029304029,1.465201465201465,0,0.97,0.35
1674,7.70625566636446,4.0797824116047146,9.292837715321848,21.622846781504983,9.171075837742505,1.234567901234568,0,0.64,0.27
1701,7.666666666666668,5.666666666666666,24.52380952380952,23.71428571428571,13.345521023765995,1.8281535648994516,13.29,0.02,0.8
1702,8.077099586966497,4.359798072510325,28.728774667278568,25.24093620927031,6.148867313915858,2.750809061488673,0,0.16,0.46
1703,8.187672493100276,4.875804967801288,28.196872125114997,25.068997240110395,3.2414910858995136,5.510534846029174,15.45,0.79,0.55
1704,9.032258064516128,4.714640198511166,33.59801488833747,25.60794044665012,14.705882352941178,2.573529411764706,35.38,0.32,0.79
1705,7.650542941757157,4.935834155972359,33.71174728529122,23.938795656465945,13.333333333333334,6.315789473684211,7.92,0.11,0.75
1706,10.640257945647166,3.3625057577153386,24.96545370796868,24.320589590050663,8.55148342059337,2.7923211169284463,12.5,0.17,0.48
1707,9.037745879851142,5.422647527910686,30.99415204678363,32.482721956406166,7.103825136612022,2.185792349726776,0,0.62,0.64
1708,8.378088077336198,5.263157894736842,35.01611170784103,24.650912996777656,12.384473197781883,5.360443622920517,0,0.51,0.58
1709,8.6164451009355,3.298867552929591,25.8985721319547,24.421467257508617,8.703703703703704,3.148148148148148,4.2,0.54,0.67
1771,8.09421841541756,3.554603854389722,3.9828693790149887,20.77087794432548,9.006211180124224,0.9316770186335404,28.36,0.14,0.12
1801,7.847976307996052,4.096742349457058,46.6436327739388,31.391905231984207,17.719298245614034,6.315789473684211,0,0.99,0.22
1802,8.980755523877406,5.203136136849608,28.68852459016394,26.44333570919458,13.08411214953271,5.2069425901201605,17.88,0.01,0.44
1803,8.49056603773585,5.626684636118599,22.035040431266847,24.494609164420485,10.27479091995221,0.7168458781362007,15,0.99,0.31
1804,7.682075157964749,7.316262055204523,29.098769537745255,25.04156967076821,6.6897347174163775,0.6920415224913495,3.79,0.1,0.32
1805,7.929801754956127,6.207344816379591,30.679233019174525,25.511862203444913,11.264367816091951,1.1494252873563218,0,0.21,0.31
1806,9.44424264438794,5.158009444242644,28.187431892480923,24.046494733018527,2.9850746268656714,2.578018995929444,0,0.24,0.36
1807,9.057527539779684,5.426356589147287,35.169318645450836,26.030191758465932,11.587982832618025,3.004291845493562,0,0.29,0.46
1808,8.651911468812877,5.553319919517103,26.358148893360163,24.70824949698189,10.74964639321075,1.272984441301273,9.93,2.19,0.39
1809,8.660752006759612,6.041402619349388,23.743134769750743,27.207435572454585,11.854103343465043,1.21580547112462,14.19,1.69,0.38
1810,9.818913480885312,6.358148893360161,17.183098591549296,25.553319919517104,11.428571428571429,0.5714285714285714,0,0.69,0.36
1811,8.956796628029505,6.691253951527925,32.03371970495258,24.76290832455216,10,4.736842105263158,0,4.72,0.45
1812,8.337420304070623,6.1304561059342815,31.780284453163315,24.129475232957333,9.703947368421051,2.4671052631578947,0,0.08,0.33
1813,9.689557855127,4.233301975540922,30.57384760112888,26.85794920037629,20.566037735849054,6.60377358490566,65.25,2.25,0.6
1871,8.527626956244012,4.982433727243692,1.5649952091983392,21.39891408495688,10.217113665389526,0,11.9,2.05,0.1
1872,7.482014388489208,5.227817745803357,3.4532374100719423,22.062350119904075,5.935251798561151,0,0,0,0.25
1901,7.999999999999999,4.545454545454545,17.18181818181818,19.818181818181817,3.231017770597738,0.9693053311793216,28.4,0.19,0.49
1902,7.997962302598065,4.533876719307183,15.537442689760567,19.918492103922567,3.880070546737213,0.3527336860670194,63.27,0.22,0.43
1903,7.901234567901234,4.049382716049383,18.123456790123456,21.03703703703704,7.936507936507936,0.5291005291005291,46.88,0.13,0.49
1904,9.30576070901034,3.2496307237813884,17.331363860167407,23.58444116198917,9.75177304964539,0.3546099290780142,38.1,0.7,0.38
1905,8.431372549019608,3.2843137254901964,19.313725490196077,22.84313725490196,8.392857142857144,1.0714285714285712,45.28,0.49,0.35
1906,7.091412742382272,6.481994459833795,15.56786703601108,22.65927977839335,4.371584699453552,1.275045537340619,66.67,0.04,0.55
1971,8.59840954274354,4.721669980119284,3.5785288270377733,17.34592445328032,3.7300177619893424,0,4.76,0.17,0.2
2101,8.691834942932397,4.741000877963126,6.4969271290605795,19.885864793678664,6.957928802588997,0.48543689320388345,92.96,0,0.3
2102,9.239384041063929,3.126458236117592,8.352776481567895,21.278581427904804,8.823529411764705,2.249134948096886,84.31,0.62,0.19
2103,7.959936742224566,4.164470216130733,11.43911439114391,20.03162888771745,5.698529411764706,0.3676470588235294,82.89,1.48,0.79
2104,8.431163287086447,7.20384204909285,13.553895410885804,20.971184631803627,7.380073800738007,3.136531365313653,91.46,2.47,0.62
2105,8.869294605809129,3.941908713692946,14.522821576763487,21.317427385892117,2.5145067698259185,4.25531914893617,96.3,1.53,0.89
2171,10.89572192513369,1.236631016042781,1.8382352941176472,18.21524064171123,12.454212454212454,0.7326007326007326,65.62,0,0.05
2172,7.481296758104739,4.688279301745636,1.2468827930174564,17.306733167082296,6.909090909090909,0.5454545454545454,77.78,0,0.13
3101,10.343007915567282,3.2189973614775726,10.976253298153036,22.163588390501317,6.349206349206349,0.1984126984126984,100,0,0.5
3171,6.640726329442283,4.850843060959793,0.3631647211413748,18.780804150453957,5.373406193078324,0,0,1.73,0.02
3172,7.512520868113523,4.3644168852849985,0.5246839971380873,17.576913904125924,5.68561872909699,0,0,1.26,0.03
3173,6.232849862798902,5.7624460995687965,0.3920031360250883,20.8937671501372,7.217694994179278,0.11641443538998836,0,0.65,0.04
3174,7.424960505529225,4.8709847288046335,0.3686150605581885,19.194312796208532,4.796380090497738,0,0,0.38,0.04
3175,7.919954904171364,5.016910935738444,0.9864712514092446,17.981961668545658,6.811451135241856,0.4935834155972359,29.03,1.12,0.06
3201,9.416648459689752,3.4301944505134365,5.855363775398733,23.48700021848372,11.852433281004709,0.8634222919937204,0,0.47,0.12
3202,9.389935338768623,4.6949676693843125,17.767781838628053,26.1175147596289,8.404154863078377,3.3050047214353167,8.03,1.28,0.28
3203,9.534492428491308,5.38418395961862,20.41503084688727,28.68760515984296,10.30358785648574,1.8399264029438824,5,1.1,0.25
3204,8.7409200968523,4.14043583535109,7.070217917675545,26.755447941888622,5.555555555555555,0.08547008547008547,0,1.12,0.2
3205,9.31646801264899,5.4974458769155925,16.297737776696668,28.071028946728287,8.259325044404973,3.463587921847247,4.52,1.08,0.3
3206,7.366771159874608,7.272727272727272,16.865203761755485,27.241379310344826,7.199999999999999,3.4000000000000004,3.13,0.34,0.36
3207,6.775921840529467,11.50330917113142,19.918058619602903,27.734005672864797,9.45945945945946,0.7722007722007722,0,0.09,0.36
3208,8.043087971274685,8.1508078994614,15.439856373429084,24.129263913824055,12.033694344163658,0.2406738868832732,0,0.73,0.41
3209,8.841634023503078,4.588696138780078,8.953553441522104,24.958030218242865,11.709159584513692,0.4721435316336166,8.49,0.59,0.33
3210,7.654402102496716,8.147174770039422,20.49934296977661,26.31406044678055,7.378854625550661,0.3303964757709251,0,0.78,0.39
3211,7.178571428571429,9.214285714285714,17.535714285714285,28.285714285714285,11.973392461197337,0.7760532150776053,0,0.27,0.26
3212,8.41645885286783,5.236907730673317,19.544887780548628,24.096009975062344,11.293436293436294,0.09652509652509653,12.93,0.41,0.32
3213,7.343550446998723,6.896551724137931,17.305236270753515,27.362707535121327,8.085977482088024,1.023541453428864,3.95,0.31,0.33
3214,9.10379029401346,4.2507970244420825,9.847679773290826,25.398512221041447,5.036855036855037,1.351351351351351,0,0.44,0.32
3215,7.4015748031496065,4.383202099737533,12.887139107611548,24.33070866141732,7.09849157054126,0.8873114463176575,6.47,0.69,0.23
3216,8.638679932055327,2.8633826741082262,3.785488958990536,21.01431691337054,11.294526498696786,0.8688097306689836,5.35,0.91,0.12
3217,9.618026930475406,5.193734542456719,9.947787853805991,26.84803517449849,10.154738878143132,1.1605415860735009,0,0.11,0.21
3218,7.264027838190519,8.568943018703786,23.57546759460635,27.925184862983905,3.9189189189189193,2.4324324324324325,19.35,0.29,0.36
3271,8.083441981747066,4.791395045632334,0.7496740547588006,21.08865710560626,8.111380145278451,0.6053268765133172,0,1.73,0.11
3272,9.267431597528685,5.075022065313328,1.5445719329214476,24.536628420123566,12.812499999999998,1.09375,0,0.26,0.16
3273,6.986231514533402,4.946455889852117,0.33146353901070885,24.47730749617542,9.237668161434978,0.26905829596412556,0,3.67,0.18
3274,8.798570790531487,5.180884323358642,1.2952210808396605,19.651630192050025,3.50609756097561,0,27.27,1.26,0.27
3275,8.89168765743073,3.3753148614609576,0.22670025188916876,17.43073047858942,6.227758007117438,0.0889679715302491,0,0.22,0.09
3276,8.011711471919085,3.9925472451424007,0.34602076124567477,17.93984562150652,5.689488910318226,0,0,0.38,0.06
3277,8.122941822173434,4.939626783754116,0.7317965605561655,21.00256128796195,7.496823379923762,0.12706480304955528,0,0.44,0.12
3278,8.326817826426897,5.942142298670836,3.0101641907740424,24.39405785770133,12.465753424657535,1.7808219178082192,0,0.49,0.14
3279,7.762312633832977,8.244111349036402,6.7987152034261245,24.25053533190578,3.527336860670194,0.7054673721340389,0,0.48,0.3
3301,6.996681415929204,8.628318584070795,18.224557522123895,23.92146017699115,2.7881040892193307,2.2304832713754648,12.68,0.16,0.28
3302,8.098495212038303,9.52120383036936,11.846785225718197,23.611491108071135,4.247104247104247,1.0617760617760617,0,0.71,0.42
3303,8.359037631091917,8.019740900678594,14.096236890808145,24.52190006169031,7.875894988066825,0.8353221957040573,0,0.23,0.51
3304,7.464146023468057,7.496740547588004,23.85919165580183,26.66232073011734,4.898446833930705,0.7168458781362007,0,0.14,0.46
3305,7.746254383168632,10.423971947720752,22.21868026777176,22.059292317500802,4.424778761061947,0.8849557522123894,6.52,0.46,0.59
3306,6.282101935993678,12.050572896088504,22.560252864480443,23.74555511655472,2.0330368487928845,1.5247776365946633,3.04,0.16,0.61
3307,7.317903335602451,8.543226684819604,25.97004765146358,29.98638529611981,5.3056516724336795,0.922722029988466,0,0.09,0.4
3308,7.5344661750561075,8.368066688041038,24.462968900288555,26.29047771721706,4.540420819490587,0.7751937984496124,0,0.16,0.5
3309,8.62693447481067,8.034244320052684,20.941718801448797,21.139282186368124,3.5796766743648964,1.7321016166281753,0,0.05,0.37
3310,6.787479406919275,9.423393739703458,7.742998352553541,17.59472817133443,5.3097345132743365,0.11061946902654868,0,0.39,0.43
3311,6.407487401007919,7.631389488840893,7.379409647228222,14.902807775377967,2.18978102189781,0.48661800486618007,0,0.46,0.39
3312,5.685279187817259,14.04399323181049,31.40439932318105,20.575296108291035,1.851851851851852,0.11574074074074076,1.02,0.14,0.59
3313,7.119314436387607,8.108108108108109,14.337508239947264,17.69940672379697,2.155688622754491,0,0,0.02,0.35
3314,6.666666666666665,10.414414414414413,20.28828828828829,19.27927927927928,3.356481481481482,0.23148148148148143,0,0.13,0.35
3315,7.929383602633154,7.39078396169958,26.511071214841415,22.052663076002393,5.90513068731849,4.259438528557599,0,0.78,0.37
3316,6.64488017429194,8.714596949891067,31.771968046477845,23.493100944081338,3.2181168057210967,0.595947556615018,0,0.24,0.31
3317,7.175748273215656,7.252494244052188,21.373752877973907,21.297006907137376,4.949238578680203,1.1421319796954317,17.69,0.39,0.46
3318,6.9134993446920046,7.601572739187418,21.62516382699869,19.200524246395805,8.140814081408141,0.44004400440044,12.32,0.41,0.46
3319,7.642663043478261,4.823369565217392,6.895380434782609,18.274456521739133,4.945717732207479,0.241254523522316,0,0.46,0.32
3320,8.085501858736059,6.1648079306071875,9.045848822800496,20.384138785625773,4.405286343612335,2.4229074889867843,17.44,0.61,0.39
3321,9.285489455461128,4.312244255587032,17.59521561221278,21.938936103242053,1.9823788546255507,0.22026431718061676,6.83,0.75,0.33
3322,7.388035305655443,8.172605426610003,18.89506374632233,22.55639097744361,3.4642032332563506,0,0,0.19,0.35
3323,6.741203551463334,7.990792502466294,34.29792831305492,29.628411706675433,3.636363636363636,0.48484848484848486,0,0.26,0.52
3324,8.711493872143093,6.989069228221265,15.932427956276914,21.430937396488904,5.2631578947368425,0.6864988558352403,9.09,0.19,0.35
3325,8.838709677419354,6.419354838709677,14.516129032258062,22.161290322580644,2.5301204819277108,0.48192771084337355,7.26,0.25,0.36
3326,8.818443804034583,6.0806916426512965,10.403458213256483,21.556195965417867,7.270560190703218,0.23837902264600713,2.81,0.39,0.46
3327,9.070100143061516,6.666666666666667,15.13590844062947,21.573676680972817,10.044150110375275,1.434878587196468,7.21,0.55,0.47
3328,8.22000604412209,5.862798428528256,12.90420066485343,20.973103656693866,8.463949843260188,0.1044932079414838,4.18,0.45,0.46
3329,7.961114030478192,6.568575932737783,21.12454019968471,23.751970572779825,8.003857280617165,0.9643201542912248,4.71,0.21,0.3
3371,5.930359085963003,9.41240478781284,1.251360174102285,17.845484221980414,3.6630036630036633,0,0,0.17,0.26
3372,6.580591420241566,7.580174927113703,0.7913369429404414,16.15993336109954,3.556771545827633,0.4103967168262654,0,0.87,0.28
3373,6.677181913774974,6.887486855941114,2.6288117770767614,17.718191377497373,5.663716814159292,0.17699115044247787,0,0.03,0.39
3374,6.827309236947792,5.909351692484223,1.4056224899598393,17.728055077452666,6.15234375,0,7.91,0.79,0.1
3375,7.155025553662692,5.281090289608177,1.3202725724020443,19.293015332197612,5.4961832061068705,0,22.22,0.1,0.16
3376,8.30999066293184,6.162464985994398,3.081232492997199,19.607843137254903,7.357859531772575,0,14.81,0.54,0.57
3401,7.041699449252557,12.627852084972464,20.338316286388668,18.88276947285602,3.1029619181946404,0.5641748942172075,11.36,0.01,0.88
3402,6.328233657858136,8.066759388038943,7.3018080667593885,19.645340751043115,4.846335697399527,0,6.67,0.08,0.33
3403,5.553651011312993,13.301336990058276,32.29345217689407,22.21460404525197,6.393244873341375,0.241254523522316,12.5,0.09,0.7
3404,5.894590846047157,8.252427184466018,8.148404993065187,18.828016643550622,4.157782515991471,0.1066098081023454,0,0.16,0.44
3471,5.531914893617021,8.368794326241135,1.276595744680851,15.36643026004728,4.986149584487535,0,0,1.93,0.4
3501,5.61622464898596,12.051482059282373,35.37441497659906,21.56786271450858,3.204272363150868,3.204272363150868,14.62,0.17,0.68
3502,5.793006004945248,10.596962204168138,28.717767573295657,24.51430589897563,6.506024096385541,1.0843373493975903,0,0.33,0.58
3503,5.5514157973174365,10.581222056631892,29.284649776453055,23.5096870342772,3.2569360675512664,2.2919179734620028,8.28,0.08,0.67
3504,6.252147028512539,8.51940913775335,21.298522844383378,21.676399862590177,2.3255813953488373,0.813953488372093,3.69,0.04,0.42
3505,6.527501656726309,9.410205434062291,26.010603048376407,22.829688535453943,7.260726072607261,0.44004400440044,4.44,0.1,0.42
3506,6.7745474492594635,7.953922106417993,20.817334064728467,22.76467361492046,5.101058710298364,0.192492781520693,0,0.14,0.44
3507,6.893995552260934,8.080059303187547,18.977020014825797,24.511984185816655,5.227077977720651,0.6855184233076265,4.62,0.38,0.28
3508,7.309184993531693,8.990944372574386,24.80595084087969,26.940491591203106,2.2988505747126435,0.45977011494252873,6.83,0.13,0.31
3509,8.678304239401497,7.306733167082294,19.72568578553616,23.91521197007481,7.68595041322314,1.4049586776859504,4.44,0.44,0.27
3510,6.381118881118882,9.207459207459207,22.6981351981352,24.883449883449885,7.728119180633147,0.8379888268156425,19.35,0.23,0.3
3511,7.3764258555133075,9.163498098859316,24.182509505703425,26.653992395437264,11.407766990291265,2.3058252427184467,0,0.26,0.4
3512,6.202174788562223,9.061619009262987,25.614176399516715,25.654450261780102,5,2.2093023255813957,25.74,0.14,0.38
3513,7.761845386533666,7.450124688279301,23.285536159601,26.74563591022444,5.604395604395605,3.4065934065934065,11.52,0.55,0.4
3514,7.891801450083659,5.995538204127161,16.090351366424986,24.093697713329615,5.684007707129094,0.674373795761079,5.21,0.28,0.33
3515,6.585879873551106,4.689146469968388,2.9504741833508956,18.28240252897787,3.828197945845005,0,2.59,0.43,0.2
3516,7.204803202134756,6.170780520346899,14.142761841227486,20.74716477651768,2.4165707710011506,0,0,0.2,0.33
3517,6.824644549763034,6.60347551342812,12.954186413902056,22.464454976303315,8.131868131868131,0.8791208791208791,0,0.09,0.55
3518,5.999302406696896,8.371119637251482,20.788280432507847,22.950819672131143,8.953488372093023,0.3488372093023256,0,0.21,0.35
3519,6.515906477577616,9.735530854733614,24.300498275201228,22.345726331927946,5.683192261185006,1.0882708585247884,0,0,0.46
3520,6.094482509917057,11.46772448611612,26.866209880995314,20.302921024161556,1.2836970474967906,0.1283697047496791,0,0,0.46
3521,5.330243337195828,12.437234453456933,30.475086906141364,21.823097721127848,3.38785046728972,1.2850467289719627,0,0.22,0.35
3522,5.575757575757575,8.878787878787879,30,25.454545454545453,3.549060542797494,0.6263048016701461,0,2.47,0.38
3523,6.622516556291391,7.316304005045728,24.03027436140019,22.264269946389152,2.9670329670329667,1.208791208791209,12.2,1.35,0.4
3524,7.078547035082272,8.196212356411053,24.96119217634275,22.2601676497982,2.6460859977949283,0.5512679162072767,3.38,1.08,0.42
3525,7.523606457508376,5.086810843740481,11.483399329881204,20.8650624428876,4.30939226519337,0.44198895027624313,12.64,0.57,0.28
3526,6.758530183727034,6.92257217847769,30.544619422572183,26.18110236220472,8.760951188986233,2.753441802252816,22.06,0.19,0.35
3527,8.674463937621832,6.49772579597141,38.79142300194932,24.69135802469136,3.734939759036145,4.216867469879518,18.82,0.09,0.48
3528,9.171131421367791,6.996533249290891,36.21178695241097,22.0926567916798,12.08133971291866,6.100478468899522,14.29,0.17,0.41
3529,5.707015630679753,8.433296982915303,37.29552889858233,30.243547800799707,4.653802497162316,0.9080590238365494,46.11,0.09,0.6
3571,6.754966887417218,7.240618101545253,1.7660044150110374,17.48344370860927,10.94224924012158,0,0,0.23,0.24
3572,6.330472103004292,7.4034334763948495,4.130901287553647,17.75751072961373,3.2846715328467155,0,0,0.44,0.45
3573,6.770045385779122,6.883509833585477,1.13464447806354,19.28895612708018,8.28258221680877,0,0,1.68,0.14
3574,7.961783439490445,5.232029117379435,4.913557779799818,19.881710646041856,4.426229508196721,0.32786885245901637,17.24,0.31,0.34
3575,8.264462809917356,5.007292173067574,1.9931939718035976,17.11229946524064,7.017543859649122,0,20.59,0,0.26
3576,7.212581344902386,6.724511930585683,0.596529284164859,16.214750542299345,8.226691042047532,0,0,0.54,0.41
3577,5.959915611814346,9.38818565400844,1.2658227848101269,18.24894514767933,3.1746031746031744,0,0,0.13,0.2
3578,6.7426400759734095,6.362773029439696,0.4748338081671415,17.640075973409306,6.610878661087866,0.08368200836820083,12.34,0.42,0.15
3579,7.287644787644789,6.8050193050193055,15.781853281853284,21.718146718146716,1.0362694300518134,0,0,0.49,0.16
3601,9.107196177963573,4.8671245147805315,20.931621379516272,28.81457151388474,17.60797342192691,6.976744186046512,10.91,2.49,0.4
3602,8.315565031982942,3.807493146512337,23.2713981114834,27.353030764544624,15.401540154015404,5.83058305830583,6.67,3.49,0.41
3603,8.746095493083445,2.989736724676483,3.5698348951361,22.93618920124944,7.0446735395189,0.7731958762886598,8.03,0.75,0.13
3604,9.48298955263863,3.991427806054112,9.081167961425129,28.716849718724884,10.619469026548671,1.2168141592920354,11.35,1.82,0.26
3671,7.814178302900107,3.22234156820623,0.6981740064446832,21.052631578947366,5.932203389830509,0.09416195856873824,0,0.39,0.09
3672,9.24,2.72,1.24,19.64,5.709876543209877,0,27.91,1.83,0.16
3673,10.744336569579287,2.3624595469255665,3.4951456310679614,24.142394822006473,13.35149863760218,0.544959128065395,2.99,0.34,0.18
3674,6.877494626957323,3.7150752225974824,0.6140620202640467,16.917408658274486,1.8640350877192984,0,0,0.13,0.05
5101,6.915132465199821,7.858105074090706,16.56937584193983,19.757521329142342,0.32258064516129037,0.32258064516129037,47.06,0.08,0.51
5102,6.283470189218137,11.138878971795789,17.458050696179935,16.88682613352374,5.890804597701149,0.14367816091954022,9.02,0.03,0.63
5103,7.202400800266755,7.335778592864288,6.0353451150383455,13.00433477825942,10.29810298102981,0,27.42,0.2,0.53
5104,6.926546391752578,7.377577319587629,8.98840206185567,12.596649484536082,8.645533141210375,0,12.86,0,0.48
5105,6.161347517730496,10.106382978723405,16.48936170212766,13.342198581560282,3.8062283737024223,0,42.37,0.1,0.62
5106,7.344871253693543,7.682566483748418,32.41874208526805,13.845504432249896,3.114754098360656,0.32786885245901637,0,0.01,0.54
5107,7.557706626954579,9.530900967982127,25.577066269545796,12.285927029039463,4.929577464788733,0.5633802816901409,33.33,0.69,0.51
5108,8.388675288360714,7.969241523942677,20.44739601537924,17.231737154840964,10.152284263959393,0.5076142131979695,35.14,0.73,0.59
5171,7.679521276595745,4.288563829787234,0.6981382978723404,14.261968085106384,3.567318757192175,0,23.26,0.25,0.16
5201,10.053110773899848,4.21092564491654,15.022761760242792,25.379362670713203,22.40506329113924,2.5316455696202533,14.75,0.04,0.34
5202,10.689779703864213,4.586493318887685,25.713253882267967,24.918743228602384,19.651162790697676,1.744186046511628,7.91,0.05,0.32
5203,10.526315789473683,5.3630912724850095,21.419053964023984,22.651565622918053,15.714285714285714,1.098901098901099,17.32,1.05,0.4
5204,9.09839440098806,5.599011939069576,28.530259365994237,24.331000411692056,11.789772727272728,0.5681818181818182,43.98,0.39,0.47
5205,10.496267018006147,3.9964866051822576,25.3842775581906,23.539745278875714,22.940226171243943,0.6462035541195477,35.8,0.25,0.49
5206,9.557945041816009,6.013540422142572,34.01035444046197,24.093986459577856,26.32331902718169,0.28612303290414876,33.85,0.14,0.72
5207,8.944281524926687,4.9853372434017595,19.64809384164223,20.185728250244377,11.882998171846436,0.18281535648994515,33.85,0,0.59
5208,10.531803962460897,3.70177267987487,26.120959332638165,26.22523461939521,21.724137931034484,6.551724137931035,66.67,0,0.23
5271,8.456659619450317,4.439746300211416,2.3255813953488373,18.85835095137421,11.671469740634004,0,14,0.11,0.23
5272,9.701126898579128,4.360607545320921,7.496325330720236,20.137187653111223,31.305903398926656,0.17889087656529518,14.63,1.46,0.36
5301,10.413589364844904,4.025110782865584,27.363367799113735,19.350073855243725,24.635036496350367,19.525547445255473,18.92,0.7,0.69
5302,9.556574923547402,5.045871559633027,31.84250764525994,24.350152905198776,42.857142857142854,14.462081128747794,32.05,0.79,0.6
5303,10.409072498987443,5.34629404617254,28.473066018631027,15.836371000405022,46.05263157894737,28.124999999999993,37.29,0.95,0.77
5304,9.257142857142856,6.476190476190475,32.304761904761904,13.714285714285715,10.087719298245611,50.43859649122807,8.99,1.35,0.7
5305,11.139028475711893,5.569514237855946,25.25125628140704,19.179229480737018,41.058394160583944,23.175182481751825,4.66,0.69,1.05
5306,9.76965845909452,5.401111993645751,22.239872915011915,18.665607625099284,31.92239858906526,16.93121693121693,6.17,2.23,0.61
5307,10.526315789473683,5.093378607809846,28.43803056027165,21.010186757215617,14.022140221402216,8.302583025830259,64,0.55,0.92
5308,8.782816229116946,7.3031026252983295,25.011933174224342,19.952267303102627,19.245283018867923,8.30188679245283,68.87,0.04,1.01
5309,8.046940486169321,8.633696563285834,26.94886839899413,19.907795473595975,38.44827586206897,6.551724137931035,64,0.13,1.02
5310,8.950276243093922,7.108655616942909,21.694290976058937,22.357274401473298,54.13290113452188,15.559157212317668,45.62,0.57,1.03
5311,8.1437125748503,7.54491017964072,29.780439121756487,18.922155688622755,17.894736842105264,7.894736842105263,25.54,0.87,0.78
5312,8.871627146361407,5.723630417007359,24.856909239574815,19.133278822567455,24.45255474452555,7.846715328467152,20.53,1.04,0.82
5313,9.792500910083728,4.2591918456497995,28.576629049872583,21.405169275573353,37.802907915993536,7.754442649434572,14.04,0.57,0.99
5314,10.69723018147087,6.972301814708691,26.313276026743075,15.377268385864376,42.99065420560748,5.046728971962616,63.03,0.73,0.75
5315,10.017497812773405,4.549431321084866,36.13298337707786,21.041119860017496,28.545454545454547,5.454545454545454,16.57,0.64,0.88
5316,10.75187969924812,5.714285714285714,30.18796992481203,22.406015037593985,42.67161410018553,25.04638218923933,23.08,2.41,1.08
5317,11.54938466393184,3.376459450930893,33.733038813505836,16.408961817608077,43.40949033391916,33.91915641476274,17.14,0.4,0.51
5318,7.327102803738317,7.102803738317758,27.476635514018692,17.86915887850467,18.46435100548446,7.129798903107861,24.78,0.39,0.84
5319,10.42009884678748,4.406919275123558,41.47446457990115,21.33443163097199,29.09090909090909,20.909090909090907,11.93,0.45,0.89
5320,10.868616324749016,6.1108686163247485,26.669576604103018,14.578786556089044,16.6044776119403,42.53731343283582,55.56,0,0.76
5321,9.185441941074524,7.755632582322357,30.329289428076255,19.064124783362217,45.18518518518518,23.51851851851852,21.26,1.45,1.03
5371,7.958762886597938,3.6701030927835054,3.0927835051546397,14.391752577319588,5.701078582434515,2.773497688751926,29.41,1.41,0.2
6101,8.796466691203534,5.042326094957674,30.43798306956202,16.010305483989697,12.893982808022924,0.8595988538681949,17.62,3.48,0.49
6102,7.793384685092887,3.4888989578613505,24.376982328953332,22.972360670593567,11.816578483245149,3.3509700176366843,8.06,3.37,0.52
6103,9.06515580736544,4.815864022662889,36.7462565762849,23.229461756373937,19.56882255389718,7.462686567164178,0,4.56,0.64
6104,9.46938775510204,4.73469387755102,16.93877551020408,19.142857142857142,17.049180327868854,1.3114754098360657,43.28,1.08,0.4
6105,8.600871977804202,3.884264764169639,33.29369797859691,21.87871581450654,10.30478955007257,3.773584905660378,0,7.09,0.67
6106,7.075277663512958,3.331962155491567,25.339366515837103,22.7889757301522,6.1946902654867255,4.424778761061947,11.07,5.24,0.47
6107,7.633587786259542,3.495379670550421,39.29288871032543,22.177581357975093,20.869565217391305,11.73913043478261,0,2.2,0.68
6108,6.916817359855335,3.390596745027125,33.408679927667265,21.428571428571427,8.992805755395683,1.618705035971223,0,8.62,0.89
6109,8.65525672371638,3.9119804400977993,44.3520782396088,20.342298288508555,12.788632326820604,12.433392539964476,0,2.64,0.9
6110,8.556652562294312,3.8551951104842503,28.819934179595673,24.917724494593323,19.12280701754386,7.719298245614035,0,5.98,1.02
6111,8.635097493036211,4.224698235840297,25.67316620241411,21.81987000928505,15.122873345935728,1.1342155009451795,46.51,1.85,0.47
6112,9.3123209169054455,4.2621776504298,21.23925501432665,22.277936962750715,14.222873900293251,0.8797653958944283,21.14,4.29,0.22
6171,7.379310344827586,5.344827586206897,1.7241379310344829,15.413793103448276,5.616438356164384,0.273972602739726,0,1.44,0.17
6172,9.76627712854758,5.091819699499165,9.68280467445743,17.90484140233723,11.75438596491228,1.4035087719298245,38.46,0.35,0.11
6201,9.176029962546815,4.02621722846442,19.382022471910112,22.5187265917603,6.188925081433225,0.8143322475570033,10.64,2.13,0.24
6202,9.790508764429244,2.907225309961522,17.999144933732364,21.88969645147499,10.2803738317757,0.46728971962616817,3.24,10.79,0.35
6203,8.726003490401395,3.4467713787085517,21.858638743455497,18.848167539267013,4.651162790697675,3.4108527131782944,1.72,17.18,0.4
6204,7.7974683544303796,3.2911392405063293,21.620253164556964,19.39240506329114,11.194029850746269,5.410447761194029,0,8.76,0.45
6205,8.240297713981924,3.455608718766613,24.189261031366293,20.627325890483785,4.49438202247191,8.426966292134832,0,12.58,0.5
6206,8.953553441522104,2.0705092333519866,29.043088975937327,24.00671516508114,3.52504638218924,0.3710575139146568,25,6.23,0.41
6207,9.706045479755964,3.438713255684969,29.561841375485304,22.573488630061007,7.5046904315197,4.50281425891182,0,2.81,0.54
6208,9.11074740861975,1.9639934533551555,33.93344244408074,23.731587561374795,2.777777777777778,2.037037037037037,4,4.46,0.33
6209,7.95,4.05,11.9,21.250000000000004,6.964285714285714,1.9642857142857144,4.35,11.18,0.58
6210,7.723785166240408,4.654731457800511,23.580562659846542,21.790281329923275,3.832116788321168,1.824817518248175,6.06,15.94,0.61
6211,10.613993336506429,3.5697287006187532,10.804378867206092,25.13089005235602,13.232514177693764,4.536862003780719,0,10.37,0.61
6212,7.817418677859392,3.4627492130115423,31.532004197271775,18.100734522560337,4.029304029304029,2.380952380952381,0,6.12,0.56
6213,8.710801393728223,2.687904430064709,16.42608262817322,22.448979591836736,9.883720930232558,2.5193798449612403,0,9.92,0.83
6271,7.98299480396788,2.3618327822390173,2.69248937175248,14.359943316013227,7.312925170068027,0,0,3.54,0.2
6301,8.40035746201966,4.1554959785522785,24.441465594280608,19.3923145665773,1.6666666666666667,1.8181818181818183,14.07,2.48,0.41
6302,8.454810495626823,3.3735943356934612,22.490628904623073,20.15826738858809,8.153846153846153,3.0769230769230766,57.43,2.72,0.39
6303,8.64100549882168,3.5742340926944225,18.931657501963866,19.010212097407695,6.451612903225805,2.553763440860215,0,9.01,0.4
6304,7.835325365205843,3.187250996015936,26.42762284196547,17.352810978308987,13.496932515337424,5.828220858895705,1,12.77,0.39
6305,8.244111349036402,3.961456102783726,24.571734475374733,19.05781584582441,2.9982363315696645,2.1164021164021163,0,11.2,0.43
6306,8.527131782945736,4.408914728682171,21.124031007751935,18.071705426356587,2.7463651050080773,1.1308562197092082,0,9.64,0.43
6307,6.937799043062201,6.220095693779904,29.521531100478462,18.277511961722485,11.702127659574469,2.2796352583586628,0,2.84,0.46
6308,7.8206962327134,3.290414878397711,9.060562708631378,14.210777300906058,8.981001727115716,1.0362694300518134,0,15.48,0.54
6309,8.600182982616651,3.110704483074108,26.34949679780421,16.74290942360476,4.032258064516129,0.8064516129032258,0,6.08,0.54
6310,9.138381201044384,3.2201914708442123,19.19060052219321,20.713664055700608,8.841463414634147,0.6097560975609756,18.79,5.83,0.29
6311,8.130530973451327,3.263274336283186,35.45353982300885,17.035398230088497,5.88235294117647,1.2867647058823528,0,3.33,0.58
6371,7.353519465198585,4.561541486433347,0.7078254030672434,16.633896972080223,2.4657534246575343,0,0,4.59,0.18
6372,9.48905109489051,2.2940563086548487,2.763295099061523,16.736183524504693,8.928571428571429,0,0,0.31,0.1
6401,9.503135552339604,2.942595272551857,18.95803183791606,17.221418234442837,7.014388489208634,2.158273381294964,13.19,4.08,0.39
6402,8.815575987020011,4.2725797728501895,17.631151974040023,19.469983775013517,11.45631067961165,0.9708737864077668,0,2.67,0.77
6403,8.536585365853659,3.6585365853658542,14.024390243902438,19.51219512195122,9.38375350140056,1.1204481792717087,9.28,7.85,0.3
6404,9.778357235984354,1.9991308126901344,15.42807475010865,17.77488048674489,8.210180623973727,1.9704433497536944,23.4,9,0.27
6405,9.782082324455205,2.518159806295399,13.849878934624698,18.159806295399516,11.41804788213628,1.1049723756906076,28.18,4.96,0.29
6409,9.108159392789371,4.601518026565465,17.836812144212523,18.168880455407972,5.86080586080586,0.3663003663003663,42.59,1.02,0.3
6411,7.1065989847715745,4.9238578680203045,30.456852791878177,27.614213197969544,8.842105263157894,1.263157894736842,0,2.46,0.77
6471,8.297623685235683,3.817686014803272,2.2204908453447603,14.842228282041296,3.2352941176470593,0,50,0.08,0.11
6472,8.197855413351782,3.251470079557247,2.5596679349705984,14.49325492909028,5.158730158730158,0.26455026455026454,0,4.66,0.08
6474,9.59852330410706,1.753576372865713,3.461005999077065,14.028610982925704,2.727272727272727,0,73.33,0.95,0.1
6501,9.841129744042366,3.22153574580759,20.30008826125331,18.932038834951456,8.270676691729323,7.518796992481203,0,0.2,0.69
6502,7.720930232558139,4.232558139534884,17.25581395348837,19.72093023255814,11.401869158878505,0.5607476635514018,16.05,3.19,0.34
6503,10.141509433962264,2.358490566037736,12.169811320754716,17.735849056603772,12.5,1.3888888888888888,15.62,3.51,0.61
6504,9.552102376599636,3.062157221206581,19.74405850091408,20.978062157221206,2.9250457038391224,0.7312614259597806,10.42,1.74,0.42
6571,8.721735117674204,3.507152745731426,8.583294877711122,15.413013382556528,10.126582278481012,0.7233273056057866,65,0,0.16
7101,7.9065588499550765,5.929919137466308,23.045822102425877,26.10062893081761,20.26578073089701,3.820598006644518,20.3,2.02,0.63
7102,6.855895196506551,9.08296943231441,13.75545851528384,21.266375545851528,10.47040971168437,1.062215477996965,12.96,1.59,0.42
7103,6.01010101010101,7.3232323232323235,13.989898989898991,23.98989898989899,5.28169014084507,4.225352112676056,73.65,3.71,0.93
7104,7.1563088512241055,7.862523540489643,25.04708097928437,20.05649717514124,4.220183486238533,1.2844036697247707,96.73,0.77,1.1
7105,6.7005076142131985,7.66497461928934,17.106598984771573,24.06091370558375,10.7773851590106,1.060070671378092,26.55,2.6,0.48
7106,7.373493975903616,6.746987951807229,11.325301204819278,21.73493975903614,14.638447971781304,4.232804232804233,45.8,1.44,0.38
7107,7.782898105478751,5.0691244239631335,23.70711725550435,29.544290834613413,21.30841121495327,4.485981308411215,56.07,1.71,0.78
7108,5.723370429252783,7.101218865924748,20.402755696873346,20.1377848436672,6.529850746268656,0.3731343283582089,84.95,1.83,0.65
7109,7.780548628428928,7.082294264339152,12.768079800498752,28.5785536159601,6.156716417910448,1.3059701492537312,20.83,1.36,0.58
7110,9.4951366373321,3.8906901343214457,21.259842519685037,25.984251968503933,23.135755258126196,2.8680688336520075,82.72,1.07,0.91
7111,7.640878701050621,5.826170009551098,16.38013371537727,26.93409742120344,10.44776119402985,2.2388059701492535,35,0.18,0.7
7171,5.731958762886599,5.690721649484537,1.7731958762886595,24.577319587628864,7.758620689655173,0.7183908045977011,26.44,3.35,0.31
7172,8.333333333333332,4.736842105263158,7.105263157894736,22.5,15.151515151515152,0.35650623885918004,60.87,0.01,0.31
7173,7.39889705882353,8.869485294117647,7.352941176470589,19.53125,3.963963963963964,0.18018018018018017,0,0.81,0.43
7174,6.7820392890551915,5.2853133769878395,6.7820392890551915,24.742750233863426,11.252268602540836,0.3629764065335753,0,0.17,0.3
7201,9.96290408055114,5.458399576046634,23.90037095919449,22.310545839957605,13.91465677179963,4.638218923933209,81.94,1.07,0.95
7202,8.127208480565372,5.104043973301924,23.59638790734197,22.222222222222225,9.298780487804878,2.7439024390243905,54.3,1.1,0.57
7203,9.40940940940941,4.354354354354355,18.26826826826827,21.27127127127127,0.7421150278293136,0.7421150278293136,75.94,2.35,0.57
7204,9.044995408631772,6.014692378328742,30.85399449035813,19.88062442607897,8.80281690140845,1.7605633802816902,17.65,3.13,0.66
7205,8.604651162790699,4.651162790697675,24.57364341085271,21.3953488372093,11.056105610561056,7.920792079207921,53.89,2.2,0.49
7206,8.89487870619946,4.088050314465408,22.461814914645103,20.485175202156334,21.6696269982238,8.348134991119005,56.36,2.3,0.51
7207,9.85576923076923,3.084935897435898,20.112179487179485,21.59455128205128,29.744525547445257,2.3722627737226274,51.3,1.4,0.78
7208,8.821525885558582,4.291553133514986,26.737057220708444,25.13623978201635,22.394366197183096,10.84507042253521,56.54,0.86,0.48
7209,8.787185354691076,4.302059496567505,28.512585812356978,25.76659038901602,18.60036832412523,4.972375690607735,71.92,2.07,0.74
7210,9.620991253644316,4.206580591420241,24.82299042065806,24.281549354435658,25.48387096774194,3.225806451612903,0,1.22,0.49
7211,9.796497870326547,2.9815428300993845,14.95504022716517,20.255560814008515,10.586011342155013,6.61625708884688,86.36,1.41,0.85
7212,8.129675810473817,4.58852867830424,26.234413965087285,24.58852867830424,8.614232209737828,5.056179775280898,23.81,2.65,0.74
7271,9.887535145267105,2.9053420805998127,1.5463917525773196,18.18181818181818,10.60070671378092,0.7067137809187279,34.78,0.6,0.1
7301,8.120770432066632,8.38105153565851,19.885476314419577,21.082769390942214,15.229357798165138,2.385321100917431,86.36,0.69,0.68
7302,8.566788469346324,6.33373934226553,20.38164839626472,21.883881445391797,9.696969696969695,0.4545454545454546,22.79,0.93,0.45
7303,8.609271523178808,4.77767265846736,29.47019867549668,23.08420056764427,8.070175438596491,0.8771929824561403,23.88,0.53,0.53
7304,9.090909090909092,5.548996458087367,28.25659189295553,23.179850452577725,5.757575757575757,0.7575757575757576,30.09,0.74,0.47
7305,9.382615759545084,5.077173030056864,15.962632006498785,18.318440292445164,4.038772213247173,1.1308562197092082,32,1.04,0.44
7306,8.731000353481795,4.842700600919052,17.56804524566985,19.618239660657473,4.533333333333333,0.6666666666666667,0,0.64,0.35
7307,8.785529715762273,7.019810508182601,26.65805340223945,23.944875107665805,7.029876977152901,0.17574692442882248,15,0.69,0.61
7308,10.252707581227437,4.765342960288808,13.249097472924188,18.628158844765345,10.736196319018406,2.9141104294478524,5.83,0.4,0.32
7309,9.026745913818722,5.757800891530461,13.818722139673106,16.60475482912333,6.373292867981791,2.7314112291350527,48.54,1.69,0.53
7310,7.639208467556374,8.145421076852278,15.738610216290844,17.441325356649795,8.626760563380282,0.704225352112676,52.73,0.33,0.48
7311,7.322508755173512,7.481693728112067,22.317733205985355,18.91117478510029,4.936708860759493,1.3924050632911391,14.52,2.1,0.56
7312,6.613756613756613,11.022927689594356,21.78130511463845,18.165784832451497,9.06148867313916,0.9708737864077672,0,3.17,0.55
7313,8.350222942845562,7.215241183623834,16.90312119983786,18.240778273206324,4.587155963302752,0.6116207951070336,12.63,2.71,0.54
7314,8.491663435440094,6.165180302442808,17.564947654129508,18.61186506397829,6.2404870624048705,0.15220700152207003,0,0.95,0.48
7315,8.90595009596929,6.295585412667946,19.11708253358925,18.003838771593088,12.1580547112462,0.60790273556231,20.37,0,0.39
7316,8.6812732534105,6.159570070276974,31.169904919388173,17.941298057048368,4.655172413793104,1.0344827586206895,0,0.45,0.93
7317,8.849557522123893,6.265486725663718,22.4070796460177,18.30088495575221,9.28462709284627,3.0441400304414,18.5,1.46,0.6
7318,8.141592920353983,8.938053097345133,34.60176991150443,16.150442477876105,11.398963730569948,4.145077720207254,0,0.92,0.96
7322,8.315745040101309,5.065428450823132,26.888982693119463,21.86576614605319,11.935483870967744,0.6451612903225807,10.92,1.94,0.69
7325,10.140845070422536,4.788732394366197,22.29376257545272,20.442655935613683,12.032520325203253,1.1382113821138211,16.41,1.72,0.42
7326,7.6028250934773585,7.810552555047777,26.547569588699627,16.61819692563357,16.140350877192983,4.56140350877193,0,1.34,0.87
7371,8.7018544935806,4.365192582025677,1.6547788873038514,13.92296718972896,9.237875288683602,0.11547344110854504,17.65,0.38,0.13
7372,9.120221096269,4.652233993551358,3.408567480423768,15.384615384615383,6.593406593406594,0.5494505494505494,50,0.22,0.19
7373,10.507880910683012,3.984238178633976,6.085814360770578,16.72504378283713,7.285974499089252,2.0036429872495445,43.75,1.47,0.28
7401,12.161616161616164,4.202020202020202,20.202020202020204,16.929292929292927,10.754716981132075,2.075471698113208,69.47,0.32,0.62
7402,9.9146110056926,5.170777988614801,17.077798861480076,16.793168880455408,9.514925373134329,1.1194029850746268,41.94,0.08,0.71
7403,9.914163090128756,3.51931330472103,15.278969957081548,18.84120171673819,14.821428571428571,1.9642857142857144,8.89,0.06,0.59
7404,8.216262239250746,4.597701149425287,18.007662835249043,17.283950617283953,11.091549295774648,1.056338028169014,39.26,0.53,0.34
7405,10.161662817551962,3.556581986143187,26.46651270207852,20.323325635103924,11.091549295774646,2.464788732394366,25.77,0.31,0.52
7406,10.262417994376758,3.139643861293346,18.181818181818183,20.524835988753516,11.666666666666666,2.407407407407407,51.05,0.08,0.53
7407,10.999039385206531,6.43611911623439,18.39577329490874,15.369836695485112,3.710575139146568,0.1855287569573284,90,0,0.79
7408,9.447004608294932,3.5483870967741935,30.967741935483872,21.658986175115206,15.185185185185183,2.037037037037037,35.34,1.12,0.44
7409,11.121451838064216,3.955328059562587,20.939972080037226,17.91530944625407,7.777777777777778,2.7777777777777777,85.71,1.46,0.54
7410,10.701906412478335,3.2495667244367423,12.478336221837088,19.71403812824957,11.293260473588344,2.3679417122040074,35.26,0.16,1.11
7411,8.957345971563981,4.644549763033176,32.132701421800945,20.28436018957346,17.068645640074212,0.7421150278293136,0,0.77,0.51
7412,11.368312757201643,3.189300411522634,26.543209876543212,19.290123456790123,11.960784313725489,0.9803921568627452,87.5,0.06,0.89
7413,11.266924564796906,4.6421663442940035,21.566731141199224,17.456479690522244,5.502846299810247,2.6565464895635675,38.37,0.01,0.94
7414,11.541850220264315,5.198237885462555,11.05726872246696,12.511013215859032,10.207939508506616,1.1342155009451795,81.82,0,0.78
7415,10.421638822593476,5.767700875099443,17.780429594272075,13.484486873508352,14.150943396226417,0.9433962264150944,77.14,0.81,0.72
7471,10.063463281958295,2.447869446962829,2.3118766999093383,15.7298277425204,5.506216696269982,0.3552397868561279,46.15,0.34,0.1
7472,9.76357267950963,3.721541155866899,4.334500875656742,13.660245183887918,13.32116788321168,0,44.19,0.35,0.51
7501,8.921933085501859,4.507434944237917,26.2546468401487,24.11710037174721,7.664233576642336,3.2846715328467155,33.33,1.09,0.6
7502,8.179723502304146,4.147465437788018,20.775729646697393,23.463901689708145,13.484848484848484,2.1212121212121215,9.71,1.43,0.43
7503,9.049360146252289,3.19926873857404,20.201096892138946,25.13711151736746,9.558823529411764,2.389705882352941,38.1,0.79,0.67
7504,8.340573414422241,4.4309296264118165,13.72719374456994,22.024326672458734,15.6414762741652,1.2302284710017577,27.88,1.1,0.74
7505,8.480392156862745,4.509803921568627,25.98039215686275,23.676470588235293,22.94776119402985,2.0522388059701493,49.19,2.7,0.66
7571,8.421559191530319,4.042348411934553,3.1761308950914344,17.998075072184793,14.590747330960854,0,12,1.99,0.33
7601,10.491803278688524,5.532786885245901,14.713114754098362,14.303278688524587,24.44029850746269,2.798507462686567,58.54,1.67,0.78
7602,9.31339225016995,4.96261046906866,18.354860639021076,17.403127124405167,7.4858757062146895,4.237288135593221,16.77,3.32,0.54
7603,8.384945212005718,6.574559313959029,35.11195807527394,20.057170080990947,13.47905282331512,11.293260473588342,0,2.83,1.03
7604,9.727479182437548,3.4443603330809993,29.560938682816047,20.893262679788037,20.341614906832294,4.503105590062111,33.66,2.48,0.45
7605,10.711111111111112,2.577777777777778,23.333333333333332,20.35555555555555,14.944649446494465,1.8450184501845015,44.44,0.87,0.35
7606,10.654112983151634,3.3201189296333005,25.02477700693756,21.159563924677897,12.903225806451612,3.6053130929791273,25,0.67,0.39
8101,8.69221651521138,6.00553141050968,23.943105491900436,24.02212564203872,25.51984877126654,3.213610586011342,100,0.56,0.82
8102,9.410288582183188,6.691760769552489,20.40987034713509,17.858636553743203,21.564885496183205,1.9083969465648856,93.78,0.28,1
8103,8.68924889543446,4.896907216494845,12.187039764359351,24.447717231222384,15.09433962264151,3.7735849056603774,73.47,0.94,0.45
8104,9.968708091193562,3.6656236030397857,14.930710773357175,23.2454179704962,11.47227533460803,2.676864244741874,51.22,0.56,0.87
8105,11.102484472049689,3.299689440993789,24.37888198757764,22.748447204968944,20.527306967984934,20.715630885122412,99.16,0,0.42
8106,11.133280127693537,4.8683160415004,20.63048683160415,28.77094972067039,23.26007326007326,6.043956043956044,72.83,1.88,0.63
8107,10.5,3.1153846153846154,20.5,22.26923076923077,41.333333333333336,7.0476190476190474,92.42,0.33,0.64
8108,11.08979278587874,5.832693783576362,29.547198772064466,18.879508825786644,13.766730401529635,2.48565965583174,99.15,0.68,1.04
8109,11.752988047808763,2.7091633466135456,21.673306772908365,21.394422310756973,25.675675675675674,10.038610038610038,79.01,2.85,0.62
8171,7.71826233656685,3.88021931674399,1.3496415014761705,18.2201602699283,16.808149405772493,0.6791171477079796,76,2.82,0.13
8172,9.684037751333603,3.241690603200656,8.08370947886746,17.316372589249077,12.670565302144247,1.364522417153996,96.67,0,0.32
8201,8.160377358490567,4.952830188679245,23.0188679245283,19.245283018867923,27.32447817836812,1.5180265654648957,55.03,1.4,0.94
8202,9.77777777777778,2.666666666666667,16.790123456790123,28.000000000000004,16.919739696312366,2.3861171366594363,82.81,0.8,0.66
8203,9.513651877133103,2.986348122866894,14.07849829351536,24.317406143344712,21.10091743119266,4.403669724770642,97.44,1.69,0.67
8204,11.038696537678208,3.625254582484725,23.25865580448065,22.118126272912424,14.87758945386064,4.143126177024483,92.97,1.42,0.91
8205,8.684546615581098,2.724563644103874,22.179650915283094,22.860791826309065,13.736263736263735,3.47985347985348,63.32,1.96,0.67
8206,9.659090909090908,3.787878787878788,16.429924242424242,24.62121212121212,17.18146718146718,7.5289575289575295,83.65,1.07,0.65
8207,9.94876174210077,3.672075149444919,18.830059777967552,26.94278394534586,30.07662835249042,4.022988505747127,92.05,1.38,0.92
8208,9.35700575815739,3.1190019193857963,24.37619961612284,24.328214971209217,28.735632183908045,15.900383141762454,85.92,0.31,0.76
8271,7.4074074074074066,3.257474341811691,4.551539491298527,18.116912092815703,6.688963210702341,0,72.73,0,0.29
8272,8.224755700325732,3.827361563517916,13.884364820846908,22.190553745928337,3.9249146757679183,0.6825938566552902,70,0.05,0.66
9101,11.193339500462535,2.266419981498612,14.19981498612396,21.1840888066605,13.806706114398423,0.19723865877712032,69.13,1.28,0.66
9102,11.631799163179917,1.7573221757322173,24.518828451882847,22.970711297071126,16.893203883495143,5.631067961165048,60.47,4.14,0.88
9103,14.502987506789788,2.2813688212927756,22.216186854970125,20.42368278109723,16.893732970027248,9.809264305177113,82.89,5.84,1.07
9104,10.50328227571116,1.400437636761488,13.347921225382931,18.599562363238512,14.61100569259962,0.9487666034155596,10.69,5.74,0.36
9105,8.649173955296405,2.380952380952381,15.403304178814384,17.103984450923228,7.664233576642335,0.36496350364963503,35.26,2.68,0.34
9106,13.101701049583786,2.424900470503077,30.22077452044879,26.022439377488237,21.93675889328063,26.284584980237153,13.01,7.57,0.6
9107,10.211591536338544,4.185832566697332,20.14719411223551,21.20515179392824,11.23809523809524,2.666666666666667,17.9,0.82,0.21
9108,13.269731136166524,2.515177797051171,21.986123156981787,20.59843885516045,11.83206106870229,7.824427480916032,94.26,0.23,0.61
9109,15.80619539316918,1.9857029388403495,30.500397140587765,18.903891977760125,7.167235494880546,6.4846416382252565,25.58,0.05,0.61
9110,10.804321728691477,3.8415366146458583,35.35414165666267,17.827130852340936,10.66350710900474,1.895734597156398,0,0,0.56
9111,12.778366914103923,1.431601272534465,27.889713679745498,18.133616118769886,15.336134453781511,3.991596638655462,22.81,1.83,0.72
9112,7.605633802816901,0.8450704225352111,51.2112676056338,11.830985915492958,9.4,3.8,0,0.14,1.58
9171,9.35960591133005,2.8040924592648735,3.183023872679045,16.066691928760896,16.478190630048463,1.1308562197092082,48.78,2.59,0.09
9401,10.384959713518354,3.670546105640107,22.291853178155772,21.038495971351836,15.287769784172662,10.79136690647482,30,1.19,0.35
9402,4.70974808324206,0.32858707557502737,45.016429353778754,22.12486308871851,0.931098696461825,30.726256983240223,0,0.88,0.25
9403,9.249329758713136,1.8766756032171583,12.689901697944595,22.162645218945485,13.670411985018728,3.932584269662921,16.67,1.09,0.33
9404,8.147113594040968,2.60707635009311,12.895716945996275,23.9292364990689,7.969639468690702,2.846299810246679,39.33,0.84,0.23
9408,7.251264755480608,3.0775716694772344,20.02529510961214,22.048903878583474,16.757741347905284,12.2040072859745,86.06,3.68,0.48
9409,8.83128295254833,4.173989455184534,16.95957820738137,15.685413005272409,26.33587786259542,0.1908396946564885,68.32,0.11,0.5
9410,13.82488479262673,0.0576036866359447,52.30414746543779,9.735023041474651,9.245283018867925,45.66037735849056,0,2.87,0.4
9411,5.480607082630692,0.08431703204047217,58.01011804384486,43.676222596964585,6,87.71428571428571,0,2.08,0.23
9412,12.131464475592074,1.208313194780087,8.361527307878202,21.846302561623972,7.485604606525912,4.030710172744721,16.45,1.11,0.2
9413,13.685193834656705,1.261092947220925,24.100887435777672,23.820644558617467,17.248062015503876,24.612403100775193,0,0.15,0.43
9414,12.338187702265373,1.4563106796116505,26.537216828478964,22.532362459546924,48.52652259332024,31.237721021611005,1.22,0.28,0.59
9415,14.38000942951438,0.6600660066006601,38.849599245638856,31.91890617633192,18.218623481781375,35.22267206477733,8.14,2.34,0.57
9416,1.636520241171404,0.7321274763135228,73.083548664944,9.474590869939709,3.972366148531952,62.52158894645942,0,0.21,0.14
9417,9.02591599642538,0.40214477211796246,48.882931188561216,17.202859696157283,31.11111111111111,32.77777777777778,0,0.09,0.19
9418,6.95900857959962,1.195554446852409,62.63107721639657,15.34795042897998,26.353790613718413,88.08664259927798,0,0,0.4
9419,8.066298342541437,1.5469613259668509,19.88950276243094,18.563535911602212,8.173076923076923,6.730769230769231,58.18,0.05,0.65
9420,7.050592034445641,2.6910656620021527,28.525296017222814,33.20775026910657,11.923076923076923,13.076923076923078,0,0.19,0.4
9426,10.176800344976282,3.1479085812850367,17.162570073307464,21.08667529107374,21.541501976284582,14.624505928853756,45.3,2.79,1.58
9427,10.301263362487854,3.1098153547133136,20.602526724975707,16.569484936831877,13.701923076923077,12.740384615384617,100,0.88,0.72
9428,6.307490144546649,1.1826544021024967,29.829172141918527,19.185282522996054,1.081081081081081,7.567567567567567,5.08,1.44,1.14
9429,11.01851851851852,0.0925925925925926,55.37037037037037,21.01851851851852,8.159392789373813,87.4762808349146,0,0.32,0.16
9430,4.68839336763865,0.17152658662092624,62.95025728987993,35.39165237278444,11.923076923076923,87.54646840148699,0,0.1,0.22
9431,5.978835978835979,0.31746031746031744,64.44444444444444,25.5026455026455,11.923076923076923,83.80952380952381,0,0.05,0.61
9432,6.93852708460134,0.12172854534388314,55.32562385879489,22.45891661594644,13.380281690140844,34.50704225352113,0,1.09,1.21
9433,3.817204301075269,1.1827956989247312,72.09677419354838,22.1505376344086,0.7547169811320755,75.28301886792454,0,0,0.29
9434,0.5688282138794085,1.3651877133105803,63.19681456200228,7.849829351535837,7.355864811133202,47.713717693836976,0,0,0.49
9435,6.135576447303316,0.6432459178624443,51.657595249876294,18.50569025235032,28.846153846153843,62.11538461538461,0,0.06,0.95
9436,3.6646307606885062,0.6662965019433648,57.468073292615216,6.996113270405331,7.547169811320755,57.54716981132076,0,1.26,0.47
9471,7.692307692307692,2.740384615384615,4.663461538461537,25.673076923076927,3.2945736434108532,0.3875968992248062,56.41,2.21,0.14
