"","idkab","expo_index","sensi_index","adap_index","hazard_score","adap_score","vul_idx","persen_anggaran_bencana","persen_anggaran_jalan","persen_anggaran_kesehatan","persen_anggaran_pangan","persen_anggaran_sampah","persen_anggaran_lh"
"1","1101",13.5654771321161,18.5806485326173,47.8101251452798,16.0730628323667,47.8101251452798,-0.309080399290229,0.12,NA,17.33,0.07,0.2,0.05
"2","1102",8.77177277237685,9.29368909631832,44.6714349996255,9.03273093434758,44.6714349996255,-0.459903645004576,0.03,5.41,14.31,0.33,0.09,0.22
"3","1103",22.6894758925929,10.9712509193672,47.071633378871,16.8303634059801,47.071633378871,-0.378228714122678,0.5,3.4,18.72,0.19,0.04,0.16
"4","1104",13.8789619762974,10.5566879438485,45.7163024790568,12.2178249600729,45.7163024790568,-0.420660468860639,0.64,6.15,15.11,0.26,0.04,NA
"5","1105",33.0860800273815,8.47044327435007,40.4625894901246,20.7782616508658,40.4625894901246,-0.22554034372086,0.07,6.01,16.18,0.19,0.51,0.02
"6","1106",11.0226054696622,9.87195572506444,49.1400292861695,10.4472805973633,49.1400292861695,-0.520433246789049,0.07,3.57,20.59,0.25,0.53,0.08
"7","1107",16.2714138046573,7.94614934192711,43.106285133563,12.1087815732922,43.106285133563,-0.403477939625479,0.12,NA,16.46,0.11,0.42,0.03
"8","1108",22.9731774323316,7.51282454133276,49.8578183404333,15.2430009868322,49.8578183404333,-0.497299811349938,0.18,NA,13.81,0.32,0.34,0
"9","1109",20.4810402820347,8.18323606485896,42.8234360078995,14.3321381734468,42.8234360078995,-0.364289851228821,0.03,NA,20.64,0.06,0.31,0.06
"10","1110",21.9275260179844,9.6503033458933,45.1117173375351,15.7889146819388,45.1117173375351,-0.370690584623381,0.13,5.24,16.42,0.18,0.51,0.01
"11","1111",51.7391549500608,8.86872292906734,39.1704108157787,30.3039389395641,39.1704108157787,-0.0637063148151024,0.75,NA,15.88,0.09,0.31,0.04
"12","1112",15.9617450621726,8.75273005065433,47.9199914143652,12.3572375564135,47.9199914143652,-0.484043700378977,0.12,NA,18.44,0.06,0.22,0
"13","1113",6.17197974633111,9.65398481400517,47.1302170697274,7.91298228016814,47.1302170697274,-0.518928894003871,0.02,NA,15.13,0.3,0.2,0.06
"14","1114",8.30317465968242,7.13575182398822,48.1584403668465,7.71946324183532,48.1584403668465,-0.572795286677119,0.17,NA,16.02,0.31,0.11,0.08
"15","1115",8.58631970620411,9.26202241509941,47.6931269199219,8.92417106065176,47.6931269199219,-0.520781924500584,0.04,NA,17.52,0.06,0.13,0.02
"16","1116",9.58339148815484,12.7511733914055,47.3623466161331,11.1672824397802,47.3623466161331,-0.440197470514554,0.23,3.98,16.82,0.08,0.72,0.01
"17","1117",6.36245209383012,10.8092027439079,48.4701113448921,8.585827418869,48.4701113448921,-0.521507412598456,0.26,NA,15.43,0.05,0.01,0.08
"18","1118",5.21843356348454,8.52645243667167,45.2340990046674,6.8724430000781,45.2340990046674,-0.510233444861704,0.16,NA,22.14,0.14,0.1,NA
"19","1171",0.207472655467996,4.31159202184589,60.9851895056001,2.25953233865695,60.9851895056001,-0.933565657948973,0.55,NA,15.1,0.01,0.42,0.05
"20","1172",0.179966369404046,12.861230875212,61.3238949371455,6.52059862230804,61.3238949371455,-0.775617625038922,0.23,NA,15.53,0.16,0.92,0.09
"21","1173",3.3547125389452,6.57296301013351,55.0913549400454,4.96383777453936,55.0913549400454,-0.753181929464086,0.56,NA,25.05,0.06,0.38,0.05
"22","1174",5.49435862669816,7.4591293414753,53.0159902940442,6.47674398408673,53.0159902940442,-0.680802889037838,1.51,NA,11.79,0.07,0.35,0.17
"23","1175",4.86488420612533,8.57139421921837,45.0608873018779,6.71813921267185,45.0608873018779,-0.508429997273951,0.04,NA,16.74,0.04,0.41,0.28
"24","1201",5.15212410768915,17.0782875928641,34.6130027346525,11.1152058502766,34.6130027346525,-0.138566026223437,0.04,NA,25.78,0.02,0.16,0.02
"25","1202",12.7852414326365,10.4281996303755,37.9304296142713,11.606720531506,37.9304296142713,-0.278709179468316,0.07,3.18,11.59,0.1,0.23,0.04
"26","1203",6.27464435221758,11.5275688856261,40.2054153968433,8.90110661892187,40.2054153968433,-0.346937206450612,0.26,NA,13.28,0.2,0.03,0.04
"27","1204",12.7223576211592,11.8265410317048,43.5967759831403,12.274449326432,43.5967759831403,-0.362810287383763,0.26,NA,16.65,0.06,0.63,0.02
"28","1205",7.60384971689255,10.1151753525654,44.2998183836316,8.85951253472898,44.2998183836316,-0.444892437273154,0.04,NA,16.9,0.22,0.06,0.04
"29","1206",12.70346984666,10.6170976361131,49.0733494623172,11.6602837413865,49.0733494623172,-0.493154287849538,0.1,NA,16.11,0.07,0.5,0.1
"30","1207",1.46723628179424,8.01807212763817,42.9980948874653,4.7426542047162,42.9980948874653,-0.502310231364037,0.41,6.61,20.17,0.1,0.57,0.05
"31","1208",4.70525561676387,7.53790549719603,44.1677143594398,6.12158055697995,44.1677143594398,-0.512012984980273,0.12,NA,12.66,0.19,0.03,0.29
"32","1209",17.0014579082424,7.89599895535423,43.6317323944861,12.4487284317983,43.6317323944861,-0.409655287510567,0.03,NA,12.18,0.14,0.3,0.1
"33","1210",15.1498081455197,10.8438001338744,43.7034947088151,12.9968041396971,43.7034947088151,-0.367051624658847,0.24,6.83,16.86,0.08,0.33,0.1
"34","1211",18.6811335461168,10.0686997865016,49.1017318790805,14.3749166663092,49.1017318790805,-0.462956749530928,0.05,NA,14.93,0.35,1,0.03
"35","1212",15.6335232494995,6.14734495922941,45.5479160117637,10.8904341043644,45.5479160117637,-0.490212687967755,0.05,NA,15.75,0.11,0.96,0.13
"36","1213",7.10590403963546,9.12919942934613,43.2145812813526,8.11755173449079,43.2145812813526,-0.446149128009968,0.03,NA,16.45,0.02,0.08,0.13
"37","1214",32.3768368854784,20.9118681668633,29.8146188233893,26.6443525261708,29.8146188233893,0.21715926169039,0,3.31,9.01,0.08,0.01,0
"38","1215",6.10998733027874,11.5571526825004,45.4940687692504,8.83357000638958,45.4940687692504,-0.450744598703754,0.14,NA,15.99,0.5,0.36,0.04
"39","1216",2.2387686677157,11.2188219777957,48.5820519099514,6.72879532275569,48.5820519099514,-0.544303243386114,0.12,5.34,14.68,0.28,0.71,NA
"40","1217",23.8820298102952,12.2427007241032,47.114729007609,18.0623652671992,47.114729007609,-0.346326138224148,0.13,7.93,12.77,0.11,0.33,0.01
"41","1218",12.106319342121,8.47026138465889,43.4809014976852,10.28829036339,43.4809014976852,-0.429481428224432,0.03,6.35,13.43,0.21,0.09,0.09
"42","1219",3.75078948131162,9.29214284522004,43.5849352287507,6.52146616326583,43.5849352287507,-0.473430279705137,0.2,NA,12.34,0.09,0.64,0.03
"43","1220",10.144665616151,9.96746445421926,33.9662605300258,10.0560650351851,33.9662605300258,-0.228455608301191,1.05,NA,11.96,0.14,0.17,0.04
"44","1221",5.59926269245366,9.83357055274777,38.1079258116031,7.71641662260071,38.1079258116031,-0.343303756104165,0.02,5.01,12.87,0.03,0.25,0.16
"45","1222",0.766428794346606,7.16076429917501,43.6672453506232,3.96359654676081,43.6672453506232,-0.536736981251898,3.33,10.5,17.41,0.06,0.44,0.01
"46","1223",2.1002629829693,10.6197490714625,43.3431817879435,6.36000602721592,43.3431817879435,-0.454537154918229,0.19,4.71,15.9,0.02,0.47,0.02
"47","1224",4.60152024853196,19.1624639969939,39.5932924530792,11.8819921227629,39.5932924530792,-0.199430012183581,0.06,NA,9.13,0.09,0.33,0.05
"48","1225",16.1338474004866,18.984994402741,39.7282434782064,17.5594209016138,39.7282434782064,-0.12576983675135,0.03,4.13,16.19,0.07,0.01,0.05
"49","1271",1.50613497595484,10.4590549521737,56.7612193025389,5.98259496406426,56.7612193025389,-0.723672739821429,0,NA,18.71,0.04,0.45,0.05
"50","1272",0.207472655467996,5.74403543513319,49.0525261414965,2.97575404530059,49.0525261414965,-0.67302630771508,0.02,3.39,19.38,0.08,0.18,0.23
"51","1273",1.71223086587274,4.10970103839129,53.5783918048167,2.91096595213202,53.5783918048167,-0.78246737674538,0.04,NA,20.99,0.05,2.09,0.1
"52","1274",2.10320517616639,4.44570366119164,53.4722528613056,3.27445441867902,53.4722528613056,-0.771218225290271,1.9,NA,25.42,0.1,1.22,0.12
"53","1275",3.72624816462544,4.37105874200781,52.9120813464781,4.04865345331663,52.9120813464781,-0.750502681021314,0.16,NA,14.33,0.18,0.34,0.09
"54","1276",1.40593393364245,4.01749356284673,51.5134764244758,2.71171374824459,51.5134764244758,-0.74605237655759,0.73,2.16,20.79,0.1,0.67,0.07
"55","1277",0.563869149352398,7.2385424623139,49.6755988642391,3.90120580583315,49.6755988642391,-0.653926869461425,0.41,NA,14.62,0.13,0.66,0.08
"56","1278",2.65252924544955,13.223652917655,44.5676647237589,7.93809108155228,44.5676647237589,-0.424446012048531,0.51,NA,9.89,0.1,0.89,0.02
"57","1301",2.27275580264941,23.440732553323,38.4204986976264,12.8567441779862,38.4204986976264,-0.110191554883592,0.41,5.36,15.56,0.2,0.17,0.07
"58","1302",21.1002061900411,10.5196174297054,48.3535960422558,15.8099118098732,48.3535960422558,-0.422942117689069,0.55,NA,15.71,0.44,0.54,0.3
"59","1303",10.8999998138566,10.5645547904913,45.2270328731758,10.732277302174,45.2270328731758,-0.431549225746578,0.19,4.81,14.61,0.18,0.15,0.03
"60","1304",5.80831873025136,9.10212326161656,46.5285531529188,7.45522099593396,46.5285531529188,-0.520331857273165,0.18,3.42,20.84,0.07,0.25,0.15
"61","1305",8.22713278836446,8.07387118769603,51.6123079770229,8.15050198803024,51.6123079770229,-0.622666147903955,0.07,NA,16.58,0.26,0.36,0.01
"62","1306",7.24450574055583,10.1058504975329,47.5203243203406,8.67517811904436,47.5203243203406,-0.510423201681272,0.11,NA,15.12,0.04,0.03,0.13
"63","1307",6.01922487396694,8.89988669398542,43.0589231397685,7.45955578397618,43.0589231397685,-0.455040754876196,0.97,NA,16.62,0.04,0.26,0.06
"64","1308",11.2434181065657,8.56224979712626,49.3192690029002,9.90283395184596,49.3192690029002,-0.547643653605389,0.06,NA,12.89,0.36,0.11,0.13
"65","1309",3.94884246496382,9.56782343738952,46.4876974488088,6.75833295117667,46.4876974488088,-0.523413526479779,0.14,6.67,20.74,0.3,0.37,0.07
"66","1310",4.27173094528233,9.63752162888071,49.5196522091083,6.95462628708152,49.5196522091083,-0.579025078321778,2.59,NA,25.92,0.16,0.24,0.07
"67","1311",3.51503119620724,7.22795101513966,53.2803497587593,5.37149110567345,53.2803497587593,-0.704099800128352,2.7,4.48,18.25,0.11,0.06,0.02
"68","1312",4.66977870492545,8.84249766472305,47.1734723907517,6.75613818482425,47.1734723907517,-0.545794080207625,0.29,NA,17.34,0.14,0.14,0.02
"69","1371",8.67931839605919,7.36600724816182,52.6386982564443,8.0226628221105,52.6386982564443,-0.653217007957784,0,NA,12.73,NA,NA,NA
"70","1372",0.631649935624966,3.91180972415838,58.2678789580502,2.27172982989167,58.2678789580502,-0.885293001464397,0.23,2.32,10.51,0.14,1.01,0.14
"71","1373",5.58070128659082,4.91154972828723,54.401221291611,5.24612550743903,54.401221291611,-0.756338433993923,0,NA,17.1,NA,NA,NA
"72","1374",0.280166452214353,5.23599209101796,58.5712488608594,2.75807927161616,58.5712488608594,-0.868127844051145,0.28,1.79,23.94,0.09,1.31,0.11
"73","1375",0.802384335808035,3.64578021881595,62.422552310005,2.224082277312,62.422552310005,-0.970342179202194,0.22,NA,12.59,0.15,1.92,0.05
"74","1376",1.28185982586587,5.32102166610338,56.005209343069,3.30144074598462,56.005209343069,-0.809473961294673,0.41,NA,21.98,0.13,0.9,0.26
"75","1377",0.138315103645331,7.09241520911454,58.3660468179572,3.61536515637993,58.3660468179572,-0.829329686960442,0.25,6.21,12.55,0.13,0.45,0.58
"76","1401",8.52735283409533,7.6257601193586,46.9841727875621,8.07655647672697,46.9841727875621,-0.538880569714704,0.14,3.33,14.53,0.11,0.35,0.06
"77","1402",12.5708941006691,8.17926442539656,42.9938006091772,10.3750792630328,42.9938006091772,-0.422368977880157,0.09,NA,16.09,0.14,0.33,0.06
"78","1403",12.8264586076595,11.459221068863,32.2670863788658,12.1428398382613,32.2670863788658,-0.148003076314518,0.48,NA,16.16,0.11,0.41,0.01
"79","1404",2.99006315176443,9.12670264506774,42.9003412440031,6.05838289841608,42.9003412440031,-0.468512718315063,0.09,NA,10.87,0.55,0.76,0.1
"80","1405",2.83209696572603,6.90562902906468,50.3644030472294,4.86886299739535,50.3644030472294,-0.658109572639218,0.06,NA,15.27,0.04,0.7,0.01
"81","1406",11.1125013936468,7.0290259432735,45.9794294960043,9.07076366846014,45.9794294960043,-0.512896830679892,0.53,4.71,15.08,0.2,0.12,0.04
"82","1407",11.088611333002,7.78981155621431,43.7924216858922,9.43921144460814,43.7924216858922,-0.455709384813007,0.02,1.26,12.14,0.02,0.37,0.06
"83","1408",6.00860492501528,10.9875854229708,47.5751123371333,8.49809517399304,47.5751123371333,-0.503044697944785,0.2,NA,13.71,0.11,0.53,0.12
"84","1409",6.81383880809749,9.61945298718214,42.144326263768,8.21664589763982,42.144326263768,-0.417828508942334,0.14,NA,11.28,0,0.81,0.12
"85","1410",2.06822871062957,17.676200002013,37.2342294737193,9.87221435632128,37.2342294737193,-0.199529749296362,0.05,NA,16.11,0.03,0.29,0.1
"86","1471",0.904743897991937,3.19556392638965,54.8616689635075,2.05015391219079,54.8616689635075,-0.830714922842249,0.29,NA,9.27,0.18,4.27,0.11
"87","1473",1.81193628338149,9.73078813866641,51.4973037874161,5.77136221102395,51.4973037874161,-0.632836124055687,0.09,4.27,26.28,0.17,0.43,0.07
"88","1501",10.1257527086942,9.19611823358167,46.7809647148176,9.66093547113791,46.7809647148176,-0.493604703187327,0.66,NA,9.54,0.04,0.28,0.15
"89","1502",6.68683613205338,9.49739539500682,42.5963208253441,8.0921157635301,42.5963208253441,-0.429881755486256,0.41,1.17,17.13,0.1,0.34,0.06
"90","1503",7.53429737793819,7.62683749484576,43.5523603897988,7.58056743639198,43.5523603897988,-0.478731964176549,0.04,NA,18.41,0.07,0.01,0.04
"91","1504",5.9926055096495,9.16719944089974,43.5205883092448,7.57990247527462,43.5205883092448,-0.459085809434379,0.04,NA,15.5,0.33,0.22,0.06
"92","1505",8.3494499278909,6.93928083323078,43.4675429634143,7.64436538056084,43.4675429634143,-0.484690804355801,0.29,NA,13.7,0.14,0.14,0.24
"93","1506",1.99975785645642,11.8062186320488,37.7541261414475,6.90298824425261,37.7541261414475,-0.323265375870788,0.29,NA,12.11,0.61,0.06,0.43
"94","1507",2.98004509846889,8.69471525848846,39.0559264916049,5.83738017847868,39.0559264916049,-0.401859818085108,0.15,4.44,14.37,0.43,0.47,0.13
"95","1508",7.91279007136222,9.36315069398953,41.0272233984671,8.63797038267588,41.0272233984671,-0.39336431787113,0.15,NA,18.31,0.07,0.26,0.01
"96","1509",8.10013397431623,8.483478525539,45.4575053931699,8.29180624992761,45.4575053931699,-0.495503601097492,0.74,NA,18.45,0.04,0.53,0.02
"97","1571",1.71999246411862,3.92447941809644,52.1435918402339,2.82223594110753,52.1435918402339,-0.757974315788913,0.08,NA,14.91,0.1,1.81,0.12
"98","1572",7.6666287087643,7.03062189048263,57.5618636094455,7.34862529962346,57.5618636094455,-0.762784447401987,0.33,3.37,19.49,0.16,0.72,0.32
"99","1601",6.55636260714937,9.8849808846884,45.550738892438,8.22067174591888,45.550738892438,-0.480987842027637,0.19,NA,12.57,0.12,0.16,0.11
"100","1602",13.1806946626682,12.332645577254,37.459781307314,12.7566701199611,37.459781307314,-0.230089894478603,0.09,NA,12.99,0.19,0.2,0.14
"101","1603",17.9708244873538,9.26445061178998,44.1709840795326,13.6176375495719,44.1709840795326,-0.38711164720891,0.17,NA,17.1,0.52,0.2,0.1
"102","1604",7.04233690075968,10.1838271385805,44.4263058440145,8.61308201967008,44.4263058440145,-0.449919997770959,0.11,NA,15.95,0.09,0.18,0.05
"103","1605",3.2695395360782,11.0434127954999,40.8697408928296,7.15647616578907,40.8697408928296,-0.390007085162008,0.03,NA,14.79,0.32,0.14,0.15
"104","1606",9.6173417302335,9.97532313611026,40.8780723326917,9.79633243317188,40.8780723326917,-0.366874010666624,0.4,NA,18.69,0.37,0.83,0.12
"105","1607",10.1998668503758,10.0276888664892,35.8370963463383,10.1137778584325,35.8370963463383,-0.263433943735088,1.23,NA,11.34,0.19,0.23,0.15
"106","1608",6.90814968301565,13.341275751272,36.3875109488568,10.1247127171438,36.3875109488568,-0.233079491990649,0.02,NA,12.13,0.09,NA,0.02
"107","1609",3.3483301169984,10.1488724266518,40.963671696747,6.74860127182509,40.963671696747,-0.408533711202834,0.59,4.88,16.19,0.52,0.18,0.02
"108","1610",17.7329677891865,10.2149399029999,40.9200401791956,13.9739538460932,40.9200401791956,-0.306978638375084,0.65,NA,12.3,0.23,0.28,0.08
"109","1611",3.46149140580342,14.4082469159727,37.1734565756896,8.93486916088807,37.1734565756896,-0.251685691960771,0.13,NA,14.72,0.08,0.28,0.1
"110","1612",5.22499294160284,10.7948726694576,42.8033886650074,8.00993280553024,42.8033886650074,-0.419026382561426,0.37,NA,12.11,0.17,0.04,0.18
"111","1613",2.89852039237811,11.0804123655933,37.5957333608499,6.9894663789857,37.5957333608499,-0.327947088050192,0.07,8.32,12.71,0.66,0.05,0.08
"112","1671",0.55895613887861,3.3590707723853,50.3347678425306,1.95901345563195,50.3347678425306,-0.741585127148179,0.01,NA,14.85,0.02,1.52,0.03
"113","1672",1.42302447678537,6.91148874923737,50.8870886548102,4.16725661301137,50.8870886548102,-0.67793981838788,0.02,NA,18.41,0.1,0,0.03
"114","1673",1.44070570140383,8.16447247414027,47.881982411917,4.80258908777205,47.881982411917,-0.595010428124349,0.01,NA,20.28,0.13,0.01,0.05
"115","1674",1.24364878885686,5.81598464118207,48.3645408851328,3.52981671501946,48.3645408851328,-0.65104745224102,0.05,NA,17.74,0.13,0.54,0.02
"116","1701",4.4207517593748,10.5490404042363,49.4009483166375,7.48489608180554,49.4009483166375,-0.558112998538257,0.66,3.66,15.68,0.4,0.04,0.02
"117","1702",3.15706686392686,9.15906884039896,45.7209742694037,6.15806785216291,45.7209742694037,-0.521795973624234,0.12,3.65,20.51,0.12,0.64,0.02
"118","1703",1.98178858331602,10.5982126499272,47.1284942339497,6.2900006166216,47.1284942339497,-0.529663818751244,0.62,1.55,16.25,0.01,0.24,0.04
"119","1704",7.13791298112022,14.5302573951195,42.5703014014118,10.8340851881198,42.5703014014118,-0.32927353165771,1.22,NA,13.81,0.18,0.13,0.05
"120","1705",5.54789841710198,12.1459484856902,44.6828925860597,8.8469234513961,44.6828925860597,-0.427449014084719,0.05,NA,14.02,0.02,0.01,0
"121","1706",1.64739564304833,10.040950152228,49.7766311904523,5.84417289763814,49.7766311904523,-0.594407612800816,0.12,2.58,15.86,0.15,0.15,0.04
"122","1707",2.97543809119976,10.4173198200741,44.6014779984783,6.69637895563694,44.6014779984783,-0.476951583972747,0.08,NA,13.85,0.31,0.21,0.5
"123","1708",1.47440574731768,11.5030193294613,44.4856175947875,6.48871253838949,44.4856175947875,-0.464144163207083,0.07,7.78,16.28,0.08,0.66,0.05
"124","1709",3.18987022516052,9.4026228603894,45.5578203357221,6.29624654277496,45.5578203357221,-0.513691073503959,0.05,6.42,14.35,0.06,0.07,0.02
"125","1771",1.81656028583126,7.35099286862918,55.8969946719598,4.58377657723022,55.8969946719598,-0.764548348980439,0.15,NA,15.66,0.08,0.37,0.13
"126","1801",6.75549756732759,14.6396582438395,42.4404164304592,10.6975779055836,42.4404164304592,-0.327273276070707,1,NA,17.15,0.17,0.23,0.09
"127","1802",7.76732345687616,12.3349980467221,41.7951648320186,10.0511607517992,41.7951648320186,-0.352093770572188,0.4,NA,12.63,0.24,0.08,0.02
"128","1803",7.5874327382144,9.82338442609321,41.0980629942983,8.7054085821538,41.0980629942983,-0.38812750178867,0.36,5.25,16.52,0.2,0.04,0.12
"129","1804",9.12341877145262,9.56634860891971,40.8195861026712,9.34488369018617,40.8195861026712,-0.377027291691201,0.16,NA,11.92,0.31,0.1,0.05
"130","1805",13.1336426055616,10.1088891240039,42.2102564875602,11.6212658647827,42.2102564875602,-0.366000105405336,0.11,7.22,11.32,0.36,0.04,0.09
"131","1806",3.57770693965806,8.68750322240734,40.3190015235753,6.1326050810327,40.3190015235753,-0.422523975073443,0.4,NA,12.57,0.04,0.34,0.06
"132","1807",10.2921283787687,11.2297372135235,41.0491120702265,10.7609327961461,41.0491120702265,-0.341376233078956,0.12,6.5,14.34,0.08,0.11,0.07
"133","1808",2.74299932348627,10.3017571092748,37.5033885359349,6.52237821638051,37.5033885359349,-0.342223980555164,0.1,NA,15.62,0.43,0.17,0.06
"134","1809",7.01140642162456,10.643837191231,41.0414282937185,8.82762180642777,41.0414282937185,-0.375193602937488,0.37,5.61,8.99,0.13,0.07,0.04
"135","1810",1.56703530472799,8.04102715404303,42.302958648472,4.80403122938551,42.302958648472,-0.487608365599192,0.05,3.91,15.19,0.47,0.13,0.14
"136","1811",4.52821540487837,10.9974348964932,37.2811444987665,7.76282515068576,37.2811444987665,-0.312140126421353,0.1,5.03,17.97,0.76,0.03,0.03
"137","1812",2.96972200147078,10.1717073795748,41.8328441345563,6.57071469052281,41.8328441345563,-0.427677755589521,0.07,NA,10.5,0.09,0.17,0.07
"138","1813",8.21308286534159,18.3438591877573,41.4466011574304,13.2784710265494,41.4466011574304,-0.226418617930007,0.04,12.56,9.38,0.09,0.21,0
"139","1871",4.52400608723473,5.79326969504495,51.3414655719251,5.15863789113984,51.3414655719251,-0.686922782442841,0.42,NA,14.42,0.02,0.05,0.01
"140","1872",0.49549431135323,4.34965619651384,54.5848717886523,2.42257525393354,54.5848717886523,-0.80590127666533,0.07,2.38,31.22,0.12,0.14,0.03
"141","1901",5.00661580283762,8.79926944245294,45.0484006832202,6.90294262264528,45.0484006832202,-0.502815448145995,0.09,8.37,17.7,0.02,0.6,0.07
"142","1902",3.17719465693877,11.7382492969899,48.9508612643927,7.45772197696433,48.9508612643927,-0.53500682924166,0.23,8.03,22.08,0.1,0.69,0.13
"143","1903",1.94808853740217,11.2664813291739,41.5994808484888,6.60728493328806,41.5994808484888,-0.409087983270335,0.07,NA,18.23,0.13,1.33,0.12
"144","1904",1.65368108931907,10.8005233672344,43.6028428938199,6.22710222827676,43.6028428938199,-0.459209373852391,0.5,NA,19.02,0.13,0.17,0.08
"145","1905",1.59876453336515,11.5664955327437,40.3702745032028,6.58263003305442,40.3702745032028,-0.381726155105509,0.03,NA,19.03,0.06,0.38,0.02
"146","1906",0.737545742732559,12.6283666029491,49.6202524935252,6.68295617284084,49.6202524935252,-0.547785021262874,0.52,NA,11.14,0.11,0.75,0.13
"147","1971",2.24721600410901,4.14257026868861,51.3301183292097,3.19489313639881,51.3301183292097,-0.734247700951125,0.49,3.53,19.35,0.04,1.69,0.15
"148","2101",4.31288417548843,13.472757712816,44.8081812697778,8.8928209441522,44.8081812697778,-0.412864117526201,0.06,NA,17.07,0.12,0.13,0.04
"149","2102",1.52597472044481,13.4995263724619,52.1292538673928,7.51275054645333,52.1292538673928,-0.574526094763544,0.21,NA,16.64,0.07,1.23,0.01
"150","2103",2.69594134145429,13.2139483231964,49.9936799220652,7.95494483232533,49.9936799220652,-0.530253685957106,0.07,6.2,17.87,0.18,0.26,0.02
"151","2104",4.56023364153955,15.4235606512455,45.7161372124359,9.99189714639255,45.7161372124359,-0.39128687888426,0.09,NA,15.98,0.06,0.35,0.05
"152","2105",1.5494510557856,15.261349266774,48.6539472160439,8.40540016127978,48.6539472160439,-0.472572669174476,0.07,NA,17.02,0.15,0.28,0.02
"153","2171",3.04625371659233,10.6053284553339,48.7191318493412,6.82579108596311,48.7191318493412,-0.553219537972681,0,6.9,11.46,0.04,2.87,0.04
"154","2172",1.31427912240361,10.884476962213,54.2472768955736,6.09937804230831,54.2472768955736,-0.667726651849875,0.77,3.42,21.11,0.09,0.81,0.03
"155","3101",0.213168379765282,14.9177120378113,45.4161059821728,7.56544020878831,45.4161059821728,-0.425225618189993,NA,NA,NA,NA,NA,NA
"156","3171",2.29634418984273,3.44668350546198,59.3031219049252,2.87151384765235,59.3031219049252,-0.902957996390962,NA,NA,NA,NA,NA,NA
"157","3172",1.52853862994602,3.40531963956948,58.1916656244429,2.46692913475775,58.1916656244429,-0.887365700208352,NA,NA,NA,NA,NA,NA
"158","3173",0.414945310935993,3.90565266503757,57.8347957965335,2.16029898798678,57.8347957965335,-0.878455387266741,NA,NA,NA,NA,NA,NA
"159","3174",0.587839190492656,3.3983005745558,59.7228456756907,1.99306988252423,59.7228456756907,-0.923893332621614,NA,NA,NA,NA,NA,NA
"160","3175",0.968205725517316,6.50375510646749,58.566872432581,3.73598041599241,58.566872432581,-0.838856946518885,NA,NA,NA,NA,NA,NA
"161","3201",41.6987817770568,5.75123594967755,40.8129039931528,23.7250088633672,40.8129039931528,-0.225244273142917,0.85,NA,16.48,0.12,0.77,0.1
"162","3202",53.0209669087666,8.73525109478003,39.3967671016761,30.8781090017733,39.3967671016761,-0.0618367662367241,0.07,NA,17.39,0.18,0.31,0.09
"163","3203",22.0636715075154,9.2129281070075,36.2876605312313,15.6382998072614,36.2876605312313,-0.205924053748141,0.77,3.55,24.03,0.16,0.22,0.08
"164","3204",28.2274155236436,5.33137138411984,44.3733338477593,16.7793934538817,44.3733338477593,-0.395955286922409,0.17,NA,19.24,0.19,0.65,0.09
"165","3205",72.3353278479127,8.41075152878684,38.4991117949059,40.3730396883498,38.4991117949059,0.0829389583604173,0.3,NA,15.73,0.3,0.34,0.05
"166","3206",40.3983461408031,8.15866941831897,38.8100605215208,24.278507779561,38.8100605215208,-0.148745079227954,0.11,2,12.75,0.08,0.03,0
"167","3207",37.2870425607706,8.69762725028486,43.2541620541511,22.9923349055277,43.2541620541511,-0.246618469776727,0,NA,14,NA,NA,NA
"168","3208",18.864765675235,7.72881408344435,44.4289409365597,13.2967898793397,44.4289409365597,-0.415559492019608,0.11,NA,16.85,0.19,0.06,0.03
"169","3209",26.352584706349,7.19726033172688,42.9612155991647,16.774922519038,42.9612155991647,-0.345393415243357,0.12,NA,22.31,0.04,0.54,0.05
"170","3210",23.7985770807206,8.09385115947338,43.8122947661136,15.946214120097,43.8122947661136,-0.362384053392065,0.08,NA,26.76,0.08,0.13,0.04
"171","3211",21.8904003037649,8.4900116104,44.1023713925043,15.1902059570825,44.1023713925043,-0.373602470347141,0.1,2.99,16.85,0.19,0.18,0.01
"172","3212",7.36600809490168,9.16752239931484,42.7900849507113,8.26676524710826,42.7900849507113,-0.435326192742933,0.07,NA,19.63,0.35,0.64,0.1
"173","3213",13.3091992892997,8.04196554234802,43.3449406703138,10.6755824158239,43.3449406703138,-0.426765924086568,0.1,NA,13.61,0.04,0.39,0.04
"174","3214",9.94584546260904,5.8042908665848,39.5649757568739,7.87506816459693,39.5649757568739,-0.419345513308251,0.46,NA,14.64,0.05,0.09,0.12
"175","3215",11.7077879874316,6.9006904956291,43.5996324597493,9.30423924153037,43.5996324597493,-0.464799261824421,0.23,4.57,15.99,0.23,0.57,0.14
"176","3216",13.3873972697402,5.5309449602848,47.2025986388466,9.45917111501249,47.2025986388466,-0.549917300594602,0.36,NA,14.57,0.08,1.47,0.15
"177","3217",13.4344576385336,6.70438532894264,39.4266126808804,10.0694214837381,39.4266126808804,-0.375185716469277,0.19,6.29,11.28,0.1,0.97,0.07
"178","3218",11.2368393225177,10.3375290638112,45.9587051435619,10.7871841931645,45.9587051435619,-0.447878558183141,0.29,NA,19.76,0.5,0.33,0.02
"179","3271",9.262746449639,4.27701594764646,51.4979772086458,6.76988119864273,51.4979772086458,-0.686440601735301,0.1,NA,17.88,0.01,0.86,0.22
"180","3272",1.79199715246648,5.45193390410845,48.5016952389032,3.62196552828747,48.5016952389032,-0.656949699934662,0.09,NA,36.07,0.08,0.26,0.05
"181","3273",5.48504330673068,4.64473675135651,57.254268117538,5.06489002904359,57.254268117538,-0.817835148639063,0.56,NA,18.22,0.1,1.97,0.09
"182","3274",1.22164860549122,6.13636060714147,56.6097640908969,3.67900460631635,56.6097640908969,-0.805980179475369,0.19,NA,32.03,0.13,0.86,0.02
"183","3275",2.62110410101289,3.38820744394726,57.0716953751491,3.00465577248008,57.0716953751491,-0.858280525301354,0.13,3.23,17.81,0.03,2.86,0.13
"184","3276",2.54428096711832,3.36629902948336,51.8629231579795,2.95528999830084,51.8629231579795,-0.75755375413482,0,NA,15.56,NA,NA,NA
"185","3277",1.6720523818381,4.06699956889174,54.520336837726,2.86952597536492,54.520336837726,-0.80195557249309,0.25,NA,22.54,0.06,1.95,0.23
"186","3278",6.8695289266238,5.75879557303687,46.7232979593583,6.31416224983033,46.7232979593583,-0.581223423034738,0.15,1.93,20.35,0.05,0.87,0.11
"187","3279",3.44468650043346,5.21446963712834,50.0299558058881,4.3295780687809,50.0299558058881,-0.679934822591626,0.21,NA,28.08,0.1,0.05,0.03
"188","3301",25.0973495340558,8.29854093970051,41.516925810026,16.6979452368782,41.516925810026,-0.304654589763073,0.18,NA,18.91,0.37,0.23,0.1
"189","3302",24.7166086972689,6.31350547707224,46.9983175325202,15.5150570871706,46.9983175325202,-0.452539385635835,0.32,NA,19.34,0.16,0.13,0.02
"190","3303",12.4010220469855,7.06993065184063,42.3220736756168,9.73547634941305,42.3220736756168,-0.431807118638891,0.05,2.57,17.15,0.31,0.25,0.08
"191","3304",12.9337622681846,8.29065684519553,39.4605933005426,10.6122095566901,39.4605933005426,-0.348742815074352,0.3,3.05,19.57,0.06,0.08,0.01
"192","3305",38.8686476407527,8.54464377146644,44.3133470063359,23.7066457061095,44.3133470063359,-0.259310233301921,0.21,4.23,17.26,0.46,0.29,0.07
"193","3306",22.3733301392468,8.23793013852232,43.250852107112,15.3056301388846,43.250852107112,-0.358499472659503,0.24,NA,19.45,0.11,0.43,0.02
"194","3307",14.0925552715597,9.08418070012363,40.3034456106531,11.5883679858417,40.3034456106531,-0.341895126686037,0.46,NA,16.52,0.12,0.32,0.03
"195","3308",23.1461153530338,8.41738537647066,42.3953469489405,15.7817503647522,42.3953469489405,-0.332999479080703,0.08,NA,15.69,0.04,0.41,0.02
"196","3309",15.0147462036994,7.43887786223746,43.1397398694895,11.2268120329684,43.1397398694895,-0.422592439382395,0.17,4.27,20.24,0.17,0.25,0.07
"197","3310",10.2218923645964,5.01756031005415,48.0085528538184,7.61972633732529,48.0085528538184,-0.597423855391222,0.09,NA,14.31,0.16,0.41,0.07
"198","3311",5.05358113894667,4.15378692187298,47.8197916399629,4.60368403040983,47.8197916399629,-0.646108491284904,0.05,6.09,16.87,0.29,0.52,0.03
"199","3312",24.7218921475091,9.14283593953416,43.8011409489249,16.9323640435216,43.8011409489249,-0.335570386740195,0.02,1.88,19.57,0.24,0.09,0.01
"200","3313",11.0211439021188,5.51892467138495,46.5918895522702,8.27003428675185,46.5918895522702,-0.554583472602295,0.13,1.92,18.19,0.06,0.21,0.04
"201","3314",9.81067966068523,7.02090784877801,43.4657301014766,8.41579375473162,43.4657301014766,-0.472982089908449,0.6,NA,21.5,0.13,0.25,0.02
"202","3315",14.0320278172895,9.02726783623208,43.9499785652871,11.5296478267608,43.9499785652871,-0.414593842631742,0.19,NA,16.04,0.35,0.27,0.1
"203","3316",7.86406486450923,9.10874154219666,41.3213216351514,8.48640320335294,41.3213216351514,-0.404344601923412,0.03,NA,15.77,0.13,0.22,0.16
"204","3317",6.46736194058567,9.09493419716551,43.6434024189939,7.78114806887559,43.6434024189939,-0.459594154608896,0.12,NA,15.7,0.19,0.17,0.01
"205","3318",14.6070793877079,8.80755043627782,45.7853871771216,11.7073149119928,45.7853871771216,-0.450681698747305,0.03,4.21,15.52,0.36,0.15,0
"206","3319",3.67437077754467,4.49507407663815,46.4931912992498,4.08472242709141,46.4931912992498,-0.623168955385987,0.08,1.03,21.24,0.18,0.27,0.01
"207","3320",6.3446738935356,7.0615882805811,44.6139474112761,6.70313108705835,44.6139474112761,-0.518570334373128,0.03,NA,16.18,0.08,0.29,0.14
"208","3321",10.0288561075962,6.85895151950766,46.1908035124149,8.44390381355193,46.1908035124149,-0.527790775998132,0.49,NA,19.53,0.2,0.09,0.07
"209","3322",13.8876130269765,6.88426898590207,46.2469758992183,10.3859410064393,46.2469758992183,-0.501726749519833,0.12,NA,20.53,0.28,0.44,0.03
"210","3323",11.6673219226323,10.048352966695,41.2601702959572,10.8578374446637,41.2601702959572,-0.358755658898583,0.14,NA,21.69,0.02,0.29,0.01
"211","3324",7.06278432190581,7.46473128761701,47.6820934973547,7.26375780476141,47.6820934973547,-0.56573107859499,0.11,NA,19.29,0.22,0.37,0.13
"212","3325",2.66933078056845,6.68644552254334,41.5888266230992,4.6778881515559,41.5888266230992,-0.492151060220078,0.05,NA,16.14,0.19,0.16,0.01
"213","3326",9.89715665686629,6.14653039032446,43.4007682790322,8.02184352359537,43.4007682790322,-0.487965321519623,0.06,NA,23.46,0.06,0.17,0.02
"214","3327",8.01829940302491,7.95880033201628,40.745865394616,7.9885498675206,40.745865394616,-0.414204225638474,0.12,NA,15,0.15,0.21,0.06
"215","3328",9.27384104628003,6.70825749893208,40.4690318165232,7.99104927260605,40.4690318165232,-0.424219298010995,0.09,NA,19.09,0.01,0.49,0.17
"216","3329",15.4876631312157,8.40934433609259,41.1915095277185,11.9485037336542,41.1915095277185,-0.362591579083928,0.1,NA,16.79,0.1,0.19,0.1
"217","3371",0.571724353023278,3.64359855735934,60.0934994855793,2.10766145519131,60.0934994855793,-0.926513373407678,0.1,2.42,30.36,0.2,1.06,0.13
"218","3372",0.311208983201995,3.37401749891136,58.7218801990884,1.84261324105668,58.7218801990884,-0.906733645789669,0,NA,16.94,NA,NA,NA
"219","3373",0,3.96613130476816,55.0124860532213,1.98306565238408,55.0124860532213,-0.825064132413888,0.07,NA,27.3,0.14,0.18,0.15
"220","3374",7.20444555713103,4.44376114940571,54.1196165740219,5.82410335326837,54.1196165740219,-0.748631726620012,0.21,NA,16.3,0.07,1.78,0.2
"221","3375",1.03736327733998,5.72622733090291,47.886910514374,3.38179530412145,47.886910514374,-0.644879178319403,0.18,4.19,22.18,0.09,0.93,0.18
"222","3376",0.103736327733998,5.86663530005499,48.9590968065702,2.9851858138945,48.9590968065702,-0.669557056566074,0.05,5.65,25.45,0.05,2.17,0.09
"223","3401",10.3870265649114,8.3798686742089,48.2647646979857,9.38344761956013,48.2647646979857,-0.536492817454249,0.05,NA,20.26,0.1,0.26,0.05
"224","3402",5.51656542684341,5.45414412532987,50.584839780664,5.48535477608664,50.584839780664,-0.671826828555021,0.2,2.94,18.65,0.04,0.61,0.26
"225","3403",19.1239999718482,11.0436423911159,43.9319482716697,15.0838211814821,43.9319482716697,-0.340189706737762,0.14,NA,15.96,0.12,0.23,0.07
"226","3404",6.62512165376977,4.83887363611366,54.0159325311577,5.73199764494171,54.0159325311577,-0.742998406195446,0.25,NA,15.48,0.14,0.51,0.1
"227","3471",1.06289970562932,3.59291347378611,62.242112622301,2.32790658970772,62.242112622301,-0.966037817481563,0.23,NA,20.91,0.08,0.87,0.06
"228","3501",23.7890125001029,11.5690076633681,42.299277164753,17.6790100817355,42.299277164753,-0.265949048863416,0.07,NA,18.43,0.11,0.41,0.03
"229","3502",16.6906737205997,9.3854669905537,44.8177588279686,13.0380703555767,44.8177588279686,-0.406254038182737,0.41,NA,15.53,0.37,0.15,0.06
"230","3503",13.9691571389969,9.87483284722341,42.0635389872519,11.9219949931102,42.0635389872519,-0.361870982042745,1.01,NA,18.28,0.11,0.19,0.06
"231","3504",8.93571116923439,7.46003493360715,45.2090355198241,8.19787305142077,45.2090355198241,-0.504599097279237,0.23,3.59,24.08,0.06,0.11,0.07
"232","3505",6.96433591809042,9.11668043389959,44.1489527349471,8.040508175995,44.1489527349471,-0.465608700477989,0.29,NA,17.84,0.28,0.2,0.06
"233","3506",11.7964914542223,7.4074258909578,44.2526533931087,9.60195867259004,44.2526533931087,-0.467168982883593,0.2,NA,19.87,0.16,0.33,0.11
"234","3507",10.2731771272099,7.7804344352116,42.0597153406029,9.02680578121077,42.0597153406029,-0.42770256565433,0.09,NA,16.8,0.04,0.24,0.07
"235","3508",3.86012984692207,8.82443171308648,41.3038193272401,6.34228078000428,41.3038193272401,-0.437157747207399,0.1,5.42,18.02,0.2,0.37,0.03
"236","3509",8.91468669154229,8.3266470930316,40.0461457656555,8.62066689228694,40.0461457656555,-0.387260667660054,0.08,NA,16.87,0.04,0.28,0.04
"237","3510",5.19503142763914,10.2033383766075,46.3505230161162,7.69918490212334,46.3505230161162,-0.499875526683923,0.09,NA,16.77,0.1,0.41,0.12
"238","3511",7.77996854891303,9.61039544255887,38.5864002178777,8.69518199573595,38.5864002178777,-0.341870967166419,0.14,2.39,19.65,0.04,0.14,0.04
"239","3512",6.01538599608966,11.144135191378,39.5228507819834,8.57976059373383,39.5228507819834,-0.342793682671324,0.07,NA,18.31,0.08,0.34,0.09
"240","3513",5.69152181009761,9.78278129702272,40.6312851500403,7.73715155356016,40.6312851500403,-0.392903003143924,0.21,NA,16.57,0.17,0.07,0.1
"241","3514",16.6547279660595,7.25598458810748,41.670517054503,11.9553562770835,41.670517054503,-0.386100229554384,0.06,NA,17.24,0.13,0.23,0.05
"242","3515",9.45262909915211,3.7956098543153,52.262726348138,6.62411947673371,52.262726348138,-0.709333291353928,0.06,NA,22.66,0.06,0.83,0.11
"243","3516",9.47718148609357,5.59922656072684,47.2577066314414,7.53820402341021,47.2577066314414,-0.57670568058767,0.07,NA,15.45,0.21,0.2,0.06
"244","3517",11.5926728765306,6.49401311832409,48.3620441731255,9.04334299742732,48.3620441731255,-0.566398167157969,0.02,NA,23.03,0.1,0.2,0.04
"245","3518",7.13272699830095,7.93539845331842,46.7313112716955,7.53406272580969,46.7313112716955,-0.537617813342469,0.13,NA,18.13,0.02,0.25,0.09
"246","3519",6.26049600227175,8.30379011812663,46.3036906573202,7.28214306019919,46.3036906573202,-0.528200509912992,1.24,NA,17.2,0.07,0.11,0.09
"247","3520",4.70288228836372,7.95720603674515,46.9789904854896,6.33004416255444,46.9789904854896,-0.558828206747974,0.07,NA,17.1,0.05,0.14,0.11
"248","3521",13.765690230812,9.16206401513764,44.3445073276671,11.4638771229748,44.3445073276671,-0.421538896674494,0.2,NA,18.91,0.25,0.06,0.09
"249","3522",24.223954662001,9.09935687295763,43.5864636602263,16.6616557674793,43.5864636602263,-0.335659394200814,0.14,NA,15.71,0.08,0.17,0.02
"250","3523",6.89430445776823,8.85248081180155,43.4440733676762,7.87339263478489,43.4440733676762,-0.45742396942375,0.44,4.61,16.41,0.33,0.31,0.14
"251","3524",8.27214479412227,8.16332673864272,46.6624939104539,8.21773576638249,46.6624939104539,-0.524006356250423,0.06,6.43,18.82,0.27,0.13,0.07
"252","3525",11.5482781904248,6.58584221105172,46.9870280524544,9.06706020073828,46.9870280524544,-0.538093941147255,0.08,3.4,15.06,0.07,0.32,0.07
"253","3526",8.82920768547063,12.0625923719062,35.8534807286836,10.4459000286884,35.8534807286836,-0.234015898984592,0.05,NA,17.6,0.26,0.22,0.06
"254","3527",6.61797929418014,12.6288595932938,33.1172440820269,9.62341944373695,33.1172440820269,-0.184974775212514,0.07,NA,16.54,0.3,0.25,0.03
"255","3528",8.57960031312295,13.0520683696784,38.6541577478181,10.8158343414007,38.6541577478181,-0.271345982139094,0.1,NA,15.23,0.03,0.2,0.09
"256","3529",7.75364266629806,15.003284230265,36.9471640204071,11.3784634482815,36.9471640204071,-0.206133563664477,0.04,NA,16.45,0.79,0.09,0.08
"257","3571",0.99098862270646,4.51995616285518,55.1176519304198,2.75547239278082,55.1176519304198,-0.809594997669937,0.33,1.25,25.19,0.07,1,0.06
"258","3572",0.499030556276921,3.92382275476693,59.4320766708168,2.21142665552193,59.4320766708168,-0.908704407509281,0.44,NA,29.76,0.09,1.36,0.15
"259","3573",3.65512267403232,4.23680515142247,55.9610477393423,3.9459639127274,55.9610477393423,-0.813099953263839,0.14,2.38,14.44,0.11,1.14,0.04
"260","3574",0.0691575518226655,5.89867363983122,48.8623567556478,2.98391559582694,48.8623567556478,-0.667290247101516,0.08,NA,24.2,0.07,0.65,0.08
"261","3575",1.97668595124325,5.7694797477042,48.1382895001684,3.87308284947372,48.1382895001684,-0.642460023249118,0.15,NA,19.82,0.15,1.39,0.15
"262","3576",0.282325931587948,3.87953049931279,54.6355795051326,2.08092821545037,54.6355795051326,-0.81742384836168,0.89,NA,24.12,0.09,0.46,0.05
"263","3577",0.0345787759113327,3.60298348798774,57.4479253726536,1.81878113194954,57.4479253726536,-0.879364895111161,0.19,4.35,20.24,0.11,0.69,0.16
"264","3578",0.777820242941178,4.79460641799793,53.1872013087024,2.78621333046956,53.1872013087024,-0.768091861262838,0,NA,20.91,NA,NA,NA
"265","3579",0.856803815711419,5.82121539511779,49.9517747712948,3.33900960541461,49.9517747712948,-0.684604873072723,0.7,3.98,9.5,0.44,0.68,0.11
"266","3601",34.4041584002264,11.5988254274043,33.4380850434393,23.0014919138154,33.4380850434393,-0.0190213884662347,0.08,NA,14.05,0.02,0.07,0.05
"267","3602",35.2568647822338,10.8880613026784,34.6552298826981,23.0724630424561,34.6552298826981,-0.050583336335861,0.11,NA,16.8,0.14,0.25,0.11
"268","3603",16.0336290391616,5.33304164893293,43.155368524313,10.6833353440473,43.155368524313,-0.456433834757366,0.38,NA,19.64,0.04,0.89,0.14
"269","3604",7.37643746275228,7.802533306287,36.0995382210882,7.58948538451964,36.0995382210882,-0.330951649166153,0.15,NA,16.1,0.3,0.91,0.15
"270","3671",2.75410176405681,3.64774165453872,51.3794633045164,3.20092170929777,51.3794633045164,-0.7412424959407,0.05,NA,15.73,0.08,2.6,0.25
"271","3672",2.25075561928376,6.28004567673381,49.7351581424193,4.26540064800879,49.7351581424193,-0.66189939704141,0.19,NA,16.07,0.11,0.7,0.31
"272","3673",1.91488652704093,5.84641118889257,41.9288275114742,3.88064885796675,41.9288275114742,-0.520190405241195,0.17,NA,9.2,0.03,1.9,0.09
"273","3674",1.08962327786977,2.68185742582137,53.1882799990445,1.88574035184557,53.1882799990445,-0.806669949746479,0.28,NA,18.21,0.03,4.59,0.16
"274","5101",1.51811951677393,10.17591405259,51.078854438416,5.84701678468194,51.078854438416,-0.618121052096233,0.17,5.02,17.25,0.05,0.37,0.02
"275","5102",1.84347443917277,7.59820669603727,53.8909701596574,4.72084056760502,53.8909701596574,-0.720439125708215,0.15,2.84,21.74,0.03,0.47,0.02
"276","5103",2.40537277124847,7.35582236656787,60.4773135323633,4.88059756890817,60.4773135323633,-0.849797248320664,0.16,NA,17.5,0.02,1.45,0.07
"277","5104",2.12580037076072,6.20468044988249,55.9314118221992,4.16524041032161,55.9314118221992,-0.785171891520468,0.17,3.08,23.94,0,0.16,0.05
"278","5105",0.574477884123471,9.79653283970757,49.6945255657021,5.18550536191552,49.6945255657021,-0.604930991753792,0.08,3.24,27.01,0.05,0.77,0.03
"279","5106",3.13722374918583,8.31187227491708,46.7560166086428,5.72454801205145,46.7560166086428,-0.558463425734427,0.05,3.87,27.91,0.03,0.34,0.01
"280","5107",2.62345416148754,10.6451456921222,45.7546902317437,6.63429992680487,45.7546902317437,-0.497506171905701,0.11,NA,18.33,0.14,0.66,0.03
"281","5108",7.92350699598995,11.0117008049893,46.5982809772206,9.46760390048964,46.5982809772206,-0.470275078490454,0.22,NA,19.94,0.1,0.71,0.03
"282","5171",0.524377362967277,4.97985405576197,62.7061927851277,2.75211570936462,62.7061927851277,-0.952093390456939,0,NA,16.6,NA,NA,NA
"283","5201",8.37851682010388,10.5636714575144,41.8071492480854,9.47109413880915,41.8071492480854,-0.38223613917659,0.06,NA,19.44,0.31,0.45,0.11
"284","5202",5.9364984394934,11.2294490999092,38.6427021109909,8.58297376970128,38.6427021109909,-0.324513688447098,0.21,NA,13.32,0.45,0.15,0.03
"285","5203",6.20340297176361,10.7090258169162,41.5452527860124,8.4562143943399,41.5452527860124,-0.389357664720016,0.12,NA,19.18,0.17,0.21,0.01
"286","5204",7.48753769910667,13.7512114599622,46.3365265943504,10.6193745795344,46.3365265943504,-0.415389047906496,0.03,NA,23.74,0.19,0.36,0.15
"287","5205",4.40375627290378,13.8710064317121,45.7949889806467,9.13738135230796,45.7949889806467,-0.423825188153404,0.07,NA,16.73,0.31,0.27,0.03
"288","5206",22.9231047967047,15.7078778623098,45.770184270437,19.3154913295072,45.770184270437,-0.25993439591634,0.09,NA,16.94,0.68,0.08,0.11
"289","5207",3.28230775022287,10.9031826809672,55.4549980896094,7.09274521559504,55.4549980896094,-0.677338500907812,0.13,5.23,13.5,0.74,0.19,0.19
"290","5208",1.00091065982802,17.6816285454939,36.8861537257051,9.34126960266098,36.8861537257051,-0.200007958705345,0.17,NA,19.87,0.14,1.08,0.03
"291","5271",0.945018398200555,5.95070642642367,54.0152544703811,3.44786241231211,54.0152544703811,-0.760822656156436,0.07,NA,22.32,0.08,1.67,0.05
"292","5272",3.07876902930405,9.8032220907633,51.8230900433084,6.44099556003368,51.8230900433084,-0.629043311445438,0.36,4.77,18.85,0.15,0.43,0.12
"293","5301",3.77730835577663,15.3253548386245,35.260585403448,9.55133159720054,35.260585403448,-0.194489199031142,0.43,NA,22.42,0.05,0.23,0.08
"294","5302",30.2076505351602,19.4323005853381,36.5280022118677,24.8199755602491,36.5280022118677,0.0426029591698837,0.38,NA,19.03,0.35,0.01,0.17
"295","5303",25.2694964352447,21.2005511429832,36.8907231568429,23.2350237891139,36.8907231568429,0.03546242218885,0.28,5,15.69,0.32,0.07,0.16
"296","5304",19.5865651012604,17.4968502247548,30.2467114002083,18.5417076630076,30.2467114002083,0.0545080624371482,0.03,4.4,19.52,0.2,0.13,0.01
"297","5305",19.6445155368322,16.6648858825525,40.9457253160601,18.1547007096924,40.9457253160601,-0.169977638869022,0.07,3.76,22.2,0.28,0.33,0.04
"298","5306",17.0024156592333,14.0199387173492,41.2440516795423,15.5111771882912,41.2440516795423,-0.245031755492103,2.21,3.87,22.12,0.45,0.41,0.2
"299","5307",29.1300188264623,16.8605061378291,42.7106898928783,22.9952624821457,42.7106898928783,-0.135095595727263,0.07,NA,18.71,0.09,0.17,0.02
"300","5308",21.7144940074525,17.4466773489825,43.4435185141909,19.5805856782175,43.4435185141909,-0.189363636919862,0.03,27.14,12.35,0.21,0,0.01
"301","5309",46.003891682875,19.7270588844261,46.2744241615689,32.8654752836506,46.2744241615689,-0.0327885113648919,0.29,3.63,17.04,0.16,0.15,0.02
"302","5310",32.6585908398845,20.7581850770655,42.8998357326915,26.708387958475,42.8998357326915,-0.0392899448598752,0,8.49,23.62,0.03,0.04,0
"303","5311",37.3766020053656,13.8898768681926,41.0278941777637,25.6332394367791,41.0278941777637,-0.102486926985138,0.02,NA,20.46,0.06,0.41,0.03
"304","5312",12.0691657663599,13.4078780475633,46.4401068849569,12.7385219069616,46.4401068849569,-0.392357635402289,0,NA,18.9,4.26,0.34,0.01
"305","5313",32.2775608511483,15.3164405989769,40.7480904114922,23.7970007250626,40.7480904114922,-0.104781133637815,0.04,NA,18.63,0.12,0.46,0.01
"306","5314",27.5200396567488,19.5589730062938,39.4335046042899,23.5395063315213,39.4335046042899,-0.0302515740991325,0.07,NA,15.29,0.08,0.08,0.08
"307","5315",17.9125502378199,15.1958557904922,39.9829899161827,16.554203014156,39.9829899161827,-0.191463895249147,0.89,NA,18.28,0.24,0.56,0.01
"308","5316",5.49621306236918,20.0078469391526,37.3812817968983,12.7520300007609,37.3812817968983,-0.133774836635515,0.18,8,16.79,0.6,0.06,0.33
"309","5317",2.79751818981469,20.5601369317309,27.5180716753788,11.6788275607728,27.5180716753788,0.0507524508711749,0.15,NA,12.78,0.39,0.07,0.08
"310","5318",7.60265376950983,13.200504541002,42.6125931106174,10.4015791552559,42.6125931106174,-0.3525107968723,0.14,5.91,16.78,0.1,0,0.02
"311","5319",17.6825982776184,18.0052137084612,38.2727020674696,17.8439059930398,38.2727020674696,-0.105531188268417,0.11,NA,16.39,0.12,0.11,0.04
"312","5320",11.9460697750058,20.6834144198717,38.0871617156565,16.3147420974388,38.0871617156565,-0.0899531562446398,0.26,14.59,14.65,0.1,0,0.15
"313","5321",18.5340792195479,19.7274348528438,40.3995036975867,19.1307570361958,40.3995036975867,-0.107975745271638,0.02,3.66,19.45,0.25,0.12,0
"314","5371",5.10465399552535,6.66405147234734,54.8131279715991,5.88435273393634,54.8131279715991,-0.733899392170221,0.05,7.42,13.08,0.14,0.73,0.09
"315","6101",6.92474364185286,11.2033091417724,40.4593166074545,9.06402639181264,40.4593166074545,-0.353648365501127,0.07,NA,15.23,0.09,0.47,0.1
"316","6102",5.94850671599524,9.91766614156213,38.363847856022,7.93308642877869,38.363847856022,-0.344265017306886,0.09,NA,15.79,0.06,0.13,0.11
"317","6103",14.6241893367804,13.1623328036614,33.79120678846,13.8932610702209,33.79120678846,-0.132510266749984,0.07,NA,19.71,0.07,0.37,0.13
"318","6104",5.42686251869647,12.1433095559567,42.0750933159774,8.78508603732656,42.0750933159774,-0.377429886773848,0.02,NA,26.63,0.08,0.48,0.03
"319","6105",9.39468107432924,10.704379114138,33.9304568742319,10.0495300942336,33.9304568742319,-0.218740557655632,0.12,NA,15.91,0.14,0.15,0.15
"320","6106",13.6829952320255,9.75516790984062,34.1354349655079,11.719081570933,34.1354349655079,-0.21139113781474,0.06,NA,12.08,0.09,0.39,0.17
"321","6107",11.1353231026952,13.9353031579687,31.0927075391165,12.5353131303319,31.0927075391165,-0.0890540335726568,0.09,NA,17.21,0.03,0.09,0.06
"322","6108",20.284979440593,10.1312410727443,37.9222260564982,15.2081102566686,37.9222260564982,-0.232431298960388,0.28,6.2,13.39,0.04,0.1,0.12
"323","6109",5.92738526262708,13.7879036980914,33.7367565364837,9.85764448035925,33.7367565364837,-0.179507209526499,0.32,8.14,19.65,0.07,0.22,0.03
"324","6110",14.1161518744896,11.9907970517526,28.8492897692574,13.0534744631211,28.8492897692574,-0.06212652510383,0.15,NA,10.85,0.17,0.07,0.06
"325","6111",2.21223953857219,13.7408745529618,43.0140249509209,7.976557045767,43.0140249509209,-0.387194178548426,0.12,NA,15.27,0.18,0.04,0.3
"326","6112",7.13221292706979,10.7058397573641,39.47498418685,8.91902634221696,39.47498418685,-0.342585368382862,0.1,NA,12.05,0.23,1.05,0.09
"327","6171",1.7342300897363,3.56662660039412,54.9227593376784,2.65042834506521,54.9227593376784,-0.819023534098222,0,NA,18.29,NA,NA,NA
"328","6172",1.81763200767878,9.690298418673,47.8388574704061,5.75396521317589,47.8388574704061,-0.562160789431796,0.07,3.53,27.87,0.08,0.56,0.01
"329","6201",4.11367115381893,8.22382332530744,48.0345500817126,6.16874723956319,48.0345500817126,-0.578368797101465,0.1,NA,23.73,0.16,0.72,0.08
"330","6202",10.7379299693445,8.15933416096314,36.024427313405,9.4486320651538,36.024427313405,-0.299374445216986,0.05,NA,18.77,0.06,0.13,0.02
"331","6203",14.9310589958035,8.37290127971584,36.2429958227538,11.6519801377597,36.2429958227538,-0.270541737411202,0.06,20.31,14.3,0.4,0.24,0.12
"332","6204",8.99279972606407,8.8874990197026,38.4493481558414,8.94014937288333,38.4493481558414,-0.344742275857171,0.07,NA,17.3,0.04,0.37,0.05
"333","6205",10.7029855751647,9.20196608502748,40.5021691075792,9.95247583009611,40.5021691075792,-0.366934245862176,2.59,NA,19.51,0.1,0.65,0.14
"334","6206",1.46329897699399,10.8432337715052,48.3491548586875,6.15326637424961,48.3491548586875,-0.552354640329597,0.15,6.57,16.39,0.11,0.16,0.29
"335","6207",3.56218856466426,9.68261139812722,41.081477670432,6.62239998139574,41.081477670432,-0.418339913379441,2.41,8,19.78,0.12,0.48,0.03
"336","6208",3.56258962454081,9.72325971792166,37.2232175885039,6.64292467123124,37.2232175885039,-0.342237115275167,0.32,NA,15.78,0.04,0.56,0.13
"337","6209",13.9427623701293,7.0218287700345,37.0290119187921,10.4822955700819,37.0290119187921,-0.31875176435531,0.26,NA,14.24,0.35,0.33,0.26
"338","6210",6.93653615032398,8.97581577141736,43.9314332275781,7.95617596087067,43.9314332275781,-0.464269117857758,0.16,NA,16.21,0.38,0.02,0.31
"339","6211",7.83236915847606,8.10482391417753,36.6144107770198,7.96859653632679,36.6144107770198,-0.332025828706125,0.24,NA,16.56,0.08,0.25,0.28
"340","6212",9.76294076200378,8.88074353604109,46.5800908448396,9.32184214902244,46.5800908448396,-0.498268524004372,0.03,NA,12.37,0.28,0.09,0.03
"341","6213",12.2161736350373,7.82651323837928,36.0219004943461,10.0213434367083,36.0219004943461,-0.295520526212752,0.21,NA,16.39,0.43,0.2,0.03
"342","6271",1.78590277904162,3.68022929717981,48.3640081367619,2.73306603811072,48.3640081367619,-0.688444477203975,0.15,NA,13.34,0.11,0.53,0.12
"343","6301",7.09262512451069,8.63411023349672,45.8309279687985,7.8633676790037,45.8309279687985,-0.506854657815641,0.05,NA,18.61,0.05,0.19,0.2
"344","6302",3.13191113008239,13.3661368662804,41.3531084071258,8.24902399818141,41.3531084071258,-0.355635705628421,0.06,NA,14.11,0.33,0.12,0.12
"345","6303",18.5811412075011,7.45618076148458,40.8445160547365,13.0186609844928,40.8445160547365,-0.352802342438363,0.37,NA,20.94,0.07,1.16,0.11
"346","6304",6.79496706927686,10.1489455625388,41.1014815572205,8.47195631590785,41.1014815572205,-0.387398453022824,0.05,NA,13.18,0.6,0.06,0.04
"347","6305",3.75501916438695,7.97503510696687,43.6944873655369,5.86502713567691,43.6944873655369,-0.500920029148798,0.31,NA,12.7,0.19,0.5,0.14
"348","6306",8.95603195409634,7.13785850416846,47.9630671492413,8.0469452291324,47.9630671492413,-0.56442811471675,0.09,NA,27.89,0.08,0.73,0.14
"349","6307",2.97897337662137,9.61655390441516,44.7712888261525,6.29776364051826,44.7712888261525,-0.495672623704063,0.5,2.61,20.24,0.49,0.58,0.27
"350","6308",16.402456686103,5.82640914133485,46.6735095279251,11.1144329137189,46.6735095279251,-0.513054609313292,0.17,NA,30.89,0.14,0.34,0.11
"351","6309",5.075989122691,7.70941393778332,47.3207195859363,6.39270153023716,47.3207195859363,-0.567694969807914,0.5,NA,14.29,0.18,1.25,0.12
"352","6310",3.44273845933744,9.23094694488728,46.6525319302967,6.33684270211236,46.6525319302967,-0.53662111288676,0.35,NA,14.53,0.41,0.41,0.16
"353","6311",7.73383484923988,9.38028536346737,49.3912299726498,8.55706010635362,49.3912299726498,-0.557544122227709,0.33,NA,14.49,0.35,0.32,0.08
"354","6371",0.247747155676615,3.12308920328471,55.6537785965614,1.68541817948066,55.6537785965614,-0.852115523884787,0.88,NA,16.23,0.03,4.14,0.33
"355","6372",0.49549431135323,4.03414229839169,51.981167704035,2.26481830487246,51.981167704035,-0.76115450477649,0.19,4.27,11.3,0.12,1.8,0.11
"356","6401",4.20100700631059,8.28555945839581,44.9655830114337,6.2432832323532,44.9655830114337,-0.516666441717167,0.11,NA,10.94,0.13,0.36,0.14
"357","6402",9.3867171890569,7.53991125148342,42.8912120826348,8.46331422027016,42.8912120826348,-0.454696409784903,0.1,NA,14.96,0.07,0.09,0.07
"358","6403",11.1571152180343,7.6661426826756,42.3006653143345,9.41162895035495,42.3006653143345,-0.428498506751354,0.22,NA,15.64,0.2,0.22,0.35
"359","6404",11.5262468952042,8.99186697396042,43.222454003836,10.2590569345823,43.222454003836,-0.41839465952926,0.05,NA,15.18,0.1,0.36,0.11
"360","6405",4.13783418680924,9.36132749066792,49.9667745846579,6.74958083873858,49.9667745846579,-0.594001052485232,0.42,NA,16.78,0.45,0.56,0.13
"361","6409",2.61716679621264,10.4387808865591,45.7724464677556,6.52797384138586,45.7724464677556,-0.501872862242522,0.02,NA,18.8,0.01,0.23,0
"362","6411",1.08618304912006,9.93762797990506,39.8261893133519,5.51190551451256,39.8261893133519,-0.406036194832018,0,6.52,12.3,0.11,0.14,0.18
"363","6471",3.82182279373908,7.67510827955069,56.0488570151582,5.74846553664489,56.0488570151582,-0.747406314840447,0.1,NA,16.45,0.03,2.73,0.24
"364","6472",4.36910184625016,3.56287545675625,55.6824503368615,3.96598865150321,55.6824503368615,-0.815712779022049,0.24,NA,11.58,0.04,0.11,0.02
"365","6474",0.487639107682349,9.81812253936796,54.5742809943951,5.15288082352516,54.5742809943951,-0.700372470374908,0.64,NA,19.92,0.12,1.19,0.42
"366","6501",4.23529773369998,8.28818521976611,41.4384579383331,6.26174147673304,41.4384579383331,-0.44752613359127,0.23,NA,13.74,0.04,0.55,0.09
"367","6502",2.92337012301793,8.7869987207842,48.4376532900175,5.85518442190107,48.4376532900175,-0.583613109744755,0.21,NA,25.57,0.15,0.85,0.04
"368","6503",0.815248566126685,8.06781977432838,48.7771159350838,4.44153417022753,48.7771159350838,-0.618670044598003,0.12,2.93,17.07,0.27,0.55,0.05
"369","6504",13.0488177880095,7.61763962902545,34.1720505671656,10.3332287085175,34.1720505671656,-0.257679286770471,0.18,3.81,17.5,0.05,0.58,0.13
"370","6571",1.50181601720765,11.1772453382217,54.8267116197708,6.33953067771467,54.8267116197708,-0.672099847675111,0.06,NA,14.57,0.08,1.41,0.05
"371","7101",12.2168409267572,12.501896426547,43.4730299793994,12.3593686766521,43.4730299793994,-0.350874934887945,0.55,NA,18.15,0.46,0.04,0.17
"372","7102",9.01921006285293,8.36613077121967,48.3582585889751,8.6926704170363,48.3582585889751,-0.548037322090702,0.03,NA,19.42,0.03,0.51,0.17
"373","7103",9.74614707081441,13.9330989513223,44.7086638412139,11.8396230110684,44.7086638412139,-0.36449467298518,0.03,1.7,24.21,0.08,0.22,0.03
"374","7104",9.60113087659014,16.9614505554254,45.5618103749519,13.2812907160078,45.5618103749519,-0.32379546644225,0.38,NA,28.23,0.08,0,0.16
"375","7105",14.346373412798,10.3477360381679,46.472837582003,12.3470547254829,46.472837582003,-0.436224321045624,0.46,2.93,11.56,0.33,0.24,0.03
"376","7106",10.8445740081695,11.848752538173,44.8101939288849,11.3466632731712,44.8101939288849,-0.399049008887438,0.07,3.17,19.42,0.12,0.48,0.02
"377","7107",10.8217077602338,16.343708686622,45.3535063180584,13.5827082234279,45.3535063180584,-0.323196021905886,0.09,6.42,25.87,0.11,0.38,0.05
"378","7108",4.48027628209994,15.110742960423,47.0089419205957,9.79550962126145,47.0089419205957,-0.423104226609354,0.08,NA,19.37,0.14,0.65,0.11
"379","7109",2.76981987140278,8.88509627596615,47.3114372011652,5.82745807368446,47.3114372011652,-0.560799404875561,0.03,NA,11.8,0.24,0.05,0.03
"380","7110",6.44095607747527,18.0999070905305,44.0841117935329,12.2704315840029,44.0841117935329,-0.294855519942731,0.46,NA,18.41,0.03,0.26,0.04
"381","7111",4.1667148276743,11.1730805836873,47.2699224425455,7.66989770568078,47.2699224425455,-0.506244263891574,0.08,NA,22.41,0.08,0.06,0.07
"382","7171",6.44793688090182,7.17373211197905,55.2373477216913,6.81083449644044,55.2373477216913,-0.723073983212392,0.1,NA,11.64,0.04,2.36,0.01
"383","7172",2.82110416625903,11.900690655352,49.0527904840167,7.36089741080552,49.0527904840167,-0.53632775157565,0.19,NA,13.51,0.12,1.65,0.02
"384","7173",2.58847673644864,4.95837674053497,55.4439955928338,3.7734267384918,55.4439955928338,-0.796474996622169,0.31,NA,15.15,0.16,0.59,0.02
"385","7174",0.356396493884401,5.85917429951278,51.1361804400491,3.10778539669859,51.1361804400491,-0.710453027319173,0.06,NA,19.14,0.15,1.15,0.03
"386","7201",1.69955866790205,17.3598875604301,44.035850170183,9.52972311416606,44.035850170183,-0.340947185066711,0.32,NA,14.76,0.17,0.28,0.06
"387","7202",12.7600900285452,13.6327234890325,45.5462104173314,13.1964067587889,45.5462104173314,-0.365799391067054,0.9,NA,26.23,0.26,0.6,0.06
"388","7203",1.76665275652511,13.3141768967274,43.0748758124095,7.54041482662626,43.0748758124095,-0.399684437636672,0.28,NA,14.36,0.03,0.51,0.15
"389","7204",15.1630952523935,11.3069936181452,51.1680818979094,13.2350444352694,51.1680818979094,-0.50374964554423,0.2,NA,18.56,0.09,0.13,0.02
"390","7205",11.1799917206484,14.7122260458728,40.5069269044437,12.9461088832606,40.5069269044437,-0.257548218782889,0.65,NA,13.32,0.39,0.08,0.04
"391","7206",9.23209521559423,15.9845085572437,42.3255577542542,12.608301886419,42.3255577542542,-0.281997240550338,0.41,3.01,21.48,0.26,0.3,0.05
"392","7207",11.964187501109,15.4089587352845,44.951283571502,13.6865731181967,44.951283571502,-0.3254596242408,0.41,1.8,19.57,0.68,0.02,0.1
"393","7208",14.5893114420918,17.4913487982816,43.2282234630043,16.0403301201867,43.2282234630043,-0.233551127252649,0.03,NA,17.93,0.48,0.03,0
"394","7209",10.3038122056384,17.9786833049628,40.2414639556521,14.1412477553006,40.2414639556521,-0.195478471342298,2.16,NA,19.66,0.1,0.33,0.03
"395","7210",6.55972044465466,11.2745196207985,40.7537126401258,8.91712003272656,40.7537126401258,-0.360546162514653,5.26,NA,18.16,0.11,0.08,0.02
"396","7211",1.18234981095614,15.7192302501023,44.4369290734567,8.45079003052921,44.4369290734567,-0.383966858162955,0.06,5.19,15.67,0.09,0.01,0.04
"397","7212",7.04048150558657,11.7565252006804,44.2728888717331,9.39850335313348,44.2728888717331,-0.416632375726773,0.21,NA,19,0.05,0.02,0.13
"398","7271",0.702966966821226,7.59476539599062,54.6790254303027,4.14886618140592,54.6790254303027,-0.743772468199502,8.76,NA,16.84,0.1,1.4,0.19
"399","7301",4.49166677119242,16.9544128546783,43.907974470604,10.7230398129354,43.907974470604,-0.326964605593313,1.46,NA,25.55,0.02,0.54,0.39
"400","7302",5.79248761155078,10.028210844793,43.1450251417361,7.9103492281719,43.1450251417361,-0.436546206017992,1,NA,19.03,0.27,0.5,0.03
"401","7303",5.57214735551307,11.3898536390108,46.4864603298411,8.48100049726196,46.4864603298411,-0.477058490821064,0.58,NA,21.2,0.32,0.45,0.47
"402","7304",3.55039268594207,11.5576067531842,42.7770618760187,7.55399971956313,42.7770618760187,-0.415389969945088,0.21,2.8,22.95,0.46,0.12,0.01
"403","7305",5.31565856616389,9.12854094730699,44.07401376314,7.22209975673544,44.07401376314,-0.475313346737717,0.03,NA,29.65,0.46,0.17,0.1
"404","7306",7.23477236553117,6.44769415351336,44.12726090571,6.84123325952226,44.12726090571,-0.514746816374082,1.28,NA,16.25,0.29,0.36,0
"405","7307",7.24576949475132,10.2039805634355,46.7833926496562,8.7248750290934,46.7833926496562,-0.494137942256805,1.61,NA,20.95,0.21,0.21,0.35
"406","7308",9.42107345643539,7.44976994844777,47.136364275799,8.43542170244158,47.136364275799,-0.539065162671386,0.14,5.12,18.75,0.41,0.8,0.01
"407","7309",9.67343787405964,10.7948038831769,41.4542086261063,10.2341208786183,41.4542086261063,-0.361941717169831,0.16,NA,23.09,0.26,0.2,0.02
"408","7310",6.12393498837032,11.6311918953666,46.1824407018525,8.87756344186847,46.1824407018525,-0.462659111844045,0.05,NA,24.74,0.23,0.42,0.01
"409","7311",11.5133759243834,8.92579041734698,41.1758909921856,10.2195831708652,41.1758909921856,-0.379806142011284,0.1,NA,15.65,0.4,0.17,0.08
"410","7312",4.51810133540885,8.29003291835288,48.9679879939884,6.40406712688086,48.9679879939884,-0.592518982521917,0.08,11.87,19.77,0.24,0.25,0.01
"411","7313",14.8735911957758,7.72984375679261,42.1946260633848,11.3017174762842,42.1946260633848,-0.399511798303997,0.05,5.31,19.95,0.24,0.09,0
"412","7314",6.09859155193103,6.66739574450037,47.0764376654126,6.3829936482157,47.0764376654126,-0.57593738234172,0.06,6.64,21.19,0.28,0.41,0.03
"413","7315",5.06850883246494,9.58836763924804,45.3140154735306,7.32843823585649,45.3140154735306,-0.49236688969427,0.03,NA,21.97,0.62,0.54,0.11
"414","7316",4.18351732229528,8.79491300349083,46.4207930805875,6.48921516289306,46.4207930805875,-0.535379205613106,0.14,NA,19.27,0.05,0,0.01
"415","7317",26.8516351363128,10.0457672712229,44.025947259137,18.4487012037679,44.025947259137,-0.307838166096875,0.08,NA,16.25,0.26,0.14,0.29
"416","7318",10.5785817045132,10.8332629000219,41.6984355385651,10.7059223022675,41.6984355385651,-0.359711567859929,0.09,NA,19.77,0.05,0.04,0
"417","7322",13.330454611199,10.2645993431999,42.622051690995,11.7975269771994,42.622051690995,-0.369677799664681,0.43,14.81,17.98,0.42,0.2,0.11
"418","7325",8.34728370801518,10.0408514000913,47.4193819451937,9.19406755405322,47.4193819451937,-0.502082556775487,0.36,3.45,23.43,0.25,0.26,0.05
"419","7326",9.42048998321924,10.1178474705453,43.9608545038675,9.76916872688229,43.9608545038675,-0.425666988382954,0.22,NA,13.79,0.14,0.21,0.04
"420","7371",2.14347967637501,5.45633590847329,52.4659271648452,3.79990779242415,52.4659271648452,-0.731820745088401,0.25,8.19,11.55,0.39,0.84,0.05
"421","7372",2.27766544287213,8.61109775089552,52.5867266287884,5.44438159688383,52.5867266287884,-0.672459641996276,0.15,6.33,26.58,0.1,1.08,0.07
"422","7373",1.06505918500291,9.00419496810937,51.6280754859782,5.03462707655614,51.6280754859782,-0.654552828449801,0.62,7.98,23.87,0.13,0.9,0.16
"423","7401",1.95378763195052,14.2990300579858,42.6971599165376,8.12640884496815,42.6971599165376,-0.372039613968153,0.12,NA,12.74,0.09,0.19,0.01
"424","7402",2.92621292978998,10.8717598616757,48.4433887939037,6.89898639573285,48.4433887939037,-0.543532450088008,0.01,12.08,16.33,0.43,0.07,0.02
"425","7403",12.9467108327394,8.36467269473483,44.5659803858177,10.6556917637371,44.5659803858177,-0.446888830811047,0.08,NA,14.81,1.11,0.36,0.07
"426","7404",6.10369996500384,10.8057096569416,45.1146664063559,8.45470481097273,45.1146664063559,-0.457861951699042,0.07,3.55,20.65,0.37,0.39,0.26
"427","7405",10.881232282959,11.4588130856239,41.2719710879026,11.1700226842914,41.2719710879026,-0.337240358140358,0.55,NA,9.9,0.09,0.12,0.01
"428","7406",6.59389961193634,12.4795951811561,43.309804114259,9.53674739654622,43.309804114259,-0.386985544989682,0.75,9.46,14.27,0.07,0.16,0.01
"429","7407",3.40028170357455,14.6848746692229,48.7343686661811,9.04257818639875,48.7343686661811,-0.472457723097249,2.44,3.59,19.12,0.41,0.88,0.02
"430","7408",7.68459220090465,13.6504731001606,50.2155651148607,10.6675326505326,50.2155651148607,-0.491690521685593,0.07,NA,15.2,0.17,0.44,0.01
"431","7409",4.9011277961087,15.6444366718102,46.0328334890411,10.2727822339594,46.0328334890411,-0.390856490394047,0.09,NA,11.13,0.15,0.25,0.08
"432","7410",13.5972257666829,10.109129101782,41.623173267914,11.8531774342324,41.623173267914,-0.351330680022128,0.17,NA,8.15,0.38,0.03,0.06
"433","7411",2.53376824852123,10.6013578347271,40.2427633744961,6.56756304162415,40.2427633744961,-0.391372070594673,0.22,NA,12.15,0.11,0,0.02
"434","7412",5.40151571200611,17.0604665992724,40.9195901021862,11.2309911556393,40.9195901021862,-0.26029588775225,0.12,NA,11.79,0.15,0.04,0.01
"435","7413",3.37611867058425,11.0916738879158,47.6649089159385,7.23389627925001,47.6649089159385,-0.520988250571708,0.08,NA,19.98,0.2,0,0.06
"436","7414",2.7825837557943,13.4238368213505,43.2428722652469,8.10321028857238,43.2428722652469,-0.393828383062208,0.1,10.3,15.63,0.12,0.06,0.02
"437","7415",2.04641814886291,14.6801381253353,44.5916267037833,8.36327813709911,44.5916267037833,-0.401037156544996,0.2,4.88,14.89,0.05,0.07,0.02
"438","7471",3.29362354807515,7.77308924487683,51.9673025016638,5.53335639647599,51.9673025016638,-0.669493635341214,0.06,NA,19.13,0.06,0.99,0.07
"439","7472",0.778510310841758,8.91571083566333,56.4760272450329,4.84711057325254,56.4760272450329,-0.752875019963733,0.06,NA,18.71,0.1,0.71,0.04
"440","7501",7.79049378901229,12.1573581662028,46.5021850787578,9.97392597760752,46.5021850787578,-0.447242009067823,0.14,NA,15.87,0.09,0.03,0.04
"441","7502",11.3631950722736,9.55156816541355,44.5011890644476,10.4573816188436,44.5011890644476,-0.433698443099362,0.1,NA,16.17,0.32,0.19,0.01
"442","7503",9.68120461763543,11.6959111155433,48.9010259513152,10.6885578665894,48.9010259513152,-0.489892493264058,0.95,NA,15.19,0.12,0.36,0.04
"443","7504",10.2991082226932,10.1858841179085,48.0825286844284,10.2424961703008,48.0825286844284,-0.498741526396072,0.07,NA,18.97,0.05,0.28,0.01
"444","7505",14.4944000987769,15.4739800848236,46.3121641890309,14.9841900918003,46.3121641890309,-0.333282833293129,0.13,NA,20.9,0.2,0.09,0.01
"445","7571",1.71989644794464,6.29455694164713,51.1206033283973,4.00722669479588,51.1206033283973,-0.692334347848005,0.06,NA,25.64,0.09,0.73,0.01
"446","7601",3.54882484754609,14.2317775923961,44.7592921300431,8.89030121997108,44.7592921300431,-0.40256495121669,0.15,NA,16.38,0.24,0.29,0.19
"447","7602",7.39568507451981,9.0730238767295,42.5181896576713,8.23435447562466,42.5181896576713,-0.431634384498119,0.04,1.97,21.55,0.2,0.51,0.16
"448","7603",16.5334926351463,12.4640498744032,36.5528601085696,14.4987712547747,36.5528601085696,-0.186678448246246,0.63,NA,15.42,0.07,0.06,0.06
"449","7604",10.6465772993144,14.3393736054647,39.7724373091284,12.4929754523895,39.7724373091284,-0.254082209136551,0.04,NA,19.53,0.39,0.6,0.13
"450","7605",5.9962547659278,13.0439134413505,44.3076931483903,9.52008410363913,44.3076931483903,-0.399722005438638,NA,NA,NA,NA,NA,NA
"451","7606",3.14242721893054,11.6467679753856,42.4411851037829,7.39459759715809,42.4411851037829,-0.409935189716747,0.32,6.14,16.88,0.08,0.27,0.05
"452","8101",5.62116685964532,20.4455900411888,39.975936006344,13.0333784504171,39.975936006344,-0.175125899888792,NA,NA,NA,NA,NA,NA
"453","8102",6.16597127832704,18.185317853273,37.6413338907229,12.1756445658,37.6413338907229,-0.169341559434018,0.26,NA,12.85,0.05,0.45,0.02
"454","8103",6.65716940711376,14.6563245831268,44.9679469644118,10.6567469951203,44.9679469644118,-0.376971478721823,0.32,3.79,13.96,0.14,0.18,0.01
"455","8104",3.12721051738825,12.3184525599643,41.3927564800666,7.72283153867626,41.3927564800666,-0.376630851718057,0.01,8.58,10.56,0.24,0.29,0.02
"456","8105",2.12274420670693,22.0357468892241,28.5157448362801,12.0792455479655,28.5157448362801,0.0550474953236839,0.23,NA,16.01,0.16,0.34,0.13
"457","8106",5.56360882444374,18.0233800610716,38.0225507993652,11.7934944427577,38.0225507993652,-0.184067452678002,0.06,6.52,13.17,0.1,0.04,0.01
"458","8107",6.05124793212609,21.534483595364,33.7377982120856,13.7928657637451,33.7377982120856,-0.0293961746155869,0.14,5.38,14.62,0.38,0.13,0.06
"459","8108",2.71696581914639,19.3499924387625,35.3734668357038,11.0334791289544,35.3734668357038,-0.126468060002242,0.28,20,10.7,0.11,0.08,0.05
"460","8109",6.65499389206161,18.9221990810551,31.3308133812548,12.7885964865584,31.3308133812548,-0.0285746531919102,0.17,3.75,12.29,0.24,0.02,0.16
"461","8171",4.59935931791146,12.2496764528108,57.1660693687718,8.42451788536114,57.1660693687718,-0.675689681382163,0.46,NA,8.13,0.04,2.2,0.09
"462","8172",0.247747155676615,14.6778564228002,42.5294092131279,7.46280178923841,42.5294092131279,-0.37325763345057,0.06,7.63,14.1,0.17,1.86,0.03
"463","8201",14.6707614569424,15.6616248033607,41.0503511721927,15.1661931301515,41.0503511721927,-0.225732531464915,0.55,NA,12.44,0.08,0.09,0.07
"464","8202",2.56863603245659,16.4901610684371,43.2131573778742,9.52939855044687,43.2131573778742,-0.335639666041306,0.11,NA,12.23,0.24,0.23,0.06
"465","8203",2.04897868811305,18.0015154858805,36.4358165515573,10.0252470869968,36.4358165515573,-0.177808294321998,0.2,NA,14.36,0.23,0.45,0.02
"466","8204",17.8462800856286,18.2185187139719,33.2882546012299,18.0323993998002,33.2882546012299,-0.00298848896911624,0.07,4.89,15.2,0.09,0.48,0.19
"467","8205",6.99401083477907,14.853794482522,40.1664942576099,10.9239026586505,40.1664942576099,-0.277109220035346,1.08,NA,21.01,0.11,0.48,0.26
"468","8206",6.09840530058311,17.1261139836033,43.3617137465759,11.6122596420932,43.3617137465759,-0.301886269139866,0.09,7.35,13.98,0.65,0.18,0.13
"469","8207",3.49262995296504,19.7781616173243,41.8851993651919,11.6353957851447,41.8851993651919,-0.239970662833216,0.76,NA,19.78,0.07,0.64,0
"470","8208",3.93429546589042,21.2733237076119,30.5359196302431,12.6038095867512,30.5359196302431,0.0134419900964559,0.5,NA,5.96,0.17,0.13,0.01
"471","8271",1.86134673663711,10.7916319494349,52.807295395988,6.32648934303598,52.807295395988,-0.637624543057346,0.16,NA,10.15,0.23,1.78,0.08
"472","8272",8.19510589219698,12.3081287605912,49.224610990323,10.2516173263941,49.224610990323,-0.494684131870987,0.09,NA,17.63,0.13,0.58,0.04
"473","9101",2.12884195038286,13.5790928798489,38.1911070133248,7.85396741511588,38.1911070133248,-0.296740410058006,0.16,3.68,15.59,0.54,0.14,0.15
"474","9102",1.53098374709258,15.9850433063478,31.3482314919357,8.75801352672017,31.3482314919357,-0.12093158164248,0.04,6.13,11.37,0.03,0.2,0.05
"475","9103",0.24558767630302,18.4493509476345,34.1437912275052,9.34746931196876,34.1437912275052,-0.136901662926322,2.12,NA,10.74,0.65,0.54,0.05
"476","9104",3.55993306911668,8.10604787455084,33.4318600048966,5.83299047183376,33.4318600048966,-0.299408116443442,3.22,NA,11.71,0.36,0.48,0.04
"477","9105",1.43757051635669,9.35513183885081,40.7755481517709,5.39635117760375,40.7755481517709,-0.433364258443999,0.09,NA,13.43,0.07,1.41,0.02
"478","9106",0.0691575518226655,16.8150519961862,29.7957735195208,8.44210477400441,29.7957735195208,-0.0847365851830835,0.18,9.88,12.4,0.59,0.3,0.22
"479","9107",0.695111763150346,9.87677208728982,28.9685903627927,5.28594192522008,28.9685903627927,-0.197961869972784,0.42,9.55,16.97,0.23,0.46,NA
"480","9108",1.13637621619917,18.0753217292815,29.1256516626194,9.60584897274033,29.1256516626194,-0.0399931431648104,0.85,NA,16.46,0.13,0.84,0.06
"481","9109",0.975278215364699,12.2938869508185,24.1118973753366,6.63458258309159,24.1118973753366,-0.0546408638665876,0.99,NA,25.91,0.29,0.56,0.01
"482","9110",0.0345787759113327,10.245381504907,34.4618418244402,5.13998014040919,34.4618418244402,-0.302657859583911,0.02,13.15,18.65,0.11,0.02,0.02
"483","9111",0.207472655467996,12.1146476757305,36.228925263602,6.16106016559926,36.228925263602,-0.299937424344329,0.03,5.64,8.62,0.03,0.13,0.02
"484","9112",3.35649228337602,12.0495260817818,21.6262033998811,7.7030091825789,21.6262033998811,0.00563290081807608,1.81,NA,10.08,0.11,NA,0.27
"485","9171",3.72850557917718,9.87574974276209,48.3761148458726,6.80212766096963,48.3761148458726,-0.555866488332313,0.11,NA,19.7,0.47,1.29,0.33
"486","9401",0.858372613609478,13.0614410342998,36.0885725119253,6.95990682395465,36.0885725119253,-0.274453889290758,0.05,4.89,16.8,0.44,0.37,0.12
"487","9402",5.51029746749812,14.2877623759107,25.4742142845228,9.8990299217044,25.4742142845228,-0.0114657115984448,0.01,NA,18.9,0.4,0.53,0.03
"488","9403",3.83361867246127,8.87437589513554,40.2857917934003,6.35399728379841,40.2857917934003,-0.416505761904576,8.66,NA,12.42,0.26,0.35,0.19
"489","9404",5.38501248008766,10.1807620622835,36.2309265055919,7.78288727118559,36.2309265055919,-0.301453658905523,0.45,NA,17.78,0.24,0.13,0.06
"490","9408",1.13775298174927,18.2012507784204,33.2657692754604,9.66950188008486,33.2657692754604,-0.118375851522894,0.02,21.9,14.12,0.05,0.01,NA
"491","9409",0.325449979070741,15.1072436171096,38.2220970957798,7.7163467980902,38.2220970957798,-0.280363674527299,0.82,NA,16.71,0.16,1.15,0.02
"492","9410",11.5819016021068,18.4947227449842,15.3099179539541,15.0383121735455,15.3099179539541,0.309986407099635,0.03,3.8,14.61,0.04,0.37,0.03
"493","9411",10.0066866440757,27.3480461498694,15.3413408628406,18.6773663969725,15.3413408628406,0.469086668423508,1.51,4.89,12.71,0.2,0,0.09
"494","9412",4.90359086793797,7.43012438404088,30.5600431127894,6.16685762598942,30.5600431127894,-0.247084866004241,0.04,NA,12.72,0.3,0.66,0.13
"495","9413",0.0345787759113327,13.0772534518208,26.9257776472494,6.55591611386607,26.9257776472494,-0.100977381768387,NA,NA,NA,NA,NA,NA
"496","9414",1.3363786921943,18.6128216161183,22.3892222399126,9.9746001541563,22.3892222399126,0.103248069289613,0.01,7.1,21.39,0.84,0.13,0.11
"497","9415",1.22449815276539,18.7219819421341,15.7508936622277,9.97324004744977,15.7508936622277,0.234164424050083,0.4,NA,18.31,0.45,0.01,0.01
"498","9416",4.02841767871168,22.6053958831038,14.463829417362,13.3169067809078,14.463829417362,0.353503171753132,0.41,NA,10.87,1.3,0.13,NA
"499","9417",2.9486194622874,19.1408094581942,16.5548185524522,11.0447144602408,16.5548185524522,0.238459371656825,0.57,NA,12.77,0.19,0.51,0.16
"500","9418",0.287238942061736,28.6291679240675,14.7323113071318,14.4582034330646,14.7323113071318,0.438479194338368,0,NA,10.56,NA,NA,NA
"501","9419",1.61625613638462,13.1042093891357,33.8137921665343,7.36023276276017,33.8137921665343,-0.223985291223914,1.14,6.44,11.16,0.46,0.26,0.09
"502","9420",1.51527333975082,11.8418553558906,33.1506556222288,6.67856434782069,33.1506556222288,-0.236063617134133,0.42,NA,10.86,0.79,0.06,0.37
"503","9426",4.69856237011445,15.2446772365589,27.143315113611,9.97161980333667,27.143315113611,-0.0312194156850658,NA,NA,NA,NA,NA,NA
"504","9427",0,18.8994174362141,38.5901614026384,9.44970871810705,38.5901614026384,-0.216723709704658,0.6,6.27,10.5,0.29,0.63,0.07
"505","9428",0.726154294137987,9.03295324074966,20.0100390038865,4.87955376744382,20.0100390038865,-0.0391284765407238,0.01,8.16,8.11,0.02,NA,0.12
"506","9429",0.214545145315379,25.5564150906413,13.2324085205507,12.8854801179783,13.2324085205507,0.408044787133026,0.09,5.26,14.99,NA,0.18,NA
"507","9430",1.62715387917972,28.0684905311884,15.2033042861871,14.8478222051841,15.2033042861871,0.427742660783481,0.05,4.73,15.75,0.07,0.07,0.02
"508","9431",0,27.0904547903099,23.7310647790369,13.545227395155,23.7310647790369,0.231179162905293,0.07,7.4,7.28,0.2,0.11,0.11
"509","9432",16.755003063942,18.5238402242173,19.362081515251,17.6394216440797,19.362081515251,0.267203363506227,1.68,NA,6.62,0.33,0.46,0.02
"510","9433",17.4744975860595,25.1739926459046,14.0856860438335,21.324245115982,14.0856860438335,0.503323960772471,0,NA,14.68,NA,NA,NA
"511","9434",5.660100035912,19.1751738380921,13.7959666177083,12.417636937002,13.7959666177083,0.311719298326433,0.38,NA,10.52,0.39,0.22,NA
"512","9435",4.28912508088093,23.6175719590578,11.4790674736412,13.9533485199694,11.4790674736412,0.433074960933115,0.35,NA,8.65,0.62,0.03,NA
"513","9436",0.899831847020231,19.8550650433255,19.674596564268,10.3774484451729,19.674596564268,0.177160312731386,0.26,NA,13.13,0.38,NA,0.12
"514","9471",1.21104083022223,9.60881489714609,51.4012090240476,5.40992786368416,51.4012090240476,-0.637464210093803,0.22,NA,10.5,0.2,0.29,0.08
