idkab;nmprov;nmkab;persen_anggaran_bencana;persen_anggaran_kesehatan;persen_anggaran_pangan;persen_anggaran_sampah;persen_anggaran_lh;adap_score;adap_score_hat
1101;ACEH;SIMEULUE ;0.12;17.33;0.07;0.2;0.05;47.8101251452798;43.05129607358484
1102;ACEH;ACEH SINGKIL ;0.03;14.31;0.33;0.09;0.22;44.6714349996255;41.799147986110505
1103;ACEH;ACEH SELATAN ;0.5;18.72;0.19;0.04;0.16;47.071633378871;43.25092787229836
1105;ACEH;ACEH TIMUR ;0.07;16.18;0.19;0.51;0.02;40.4625894901246;43.6033455651776
1106;ACEH;ACEH TENGAH ;0.07;20.59;0.25;0.53;0.08;49.1400292861695;45.88870198098165
1107;ACEH;ACEH BARAT ;0.12;16.46;0.11;0.42;0.03;43.106285133563;43.495374769561444
1108;ACEH;ACEH BESAR ;0.18;13.81;0.32;0.34;0.0;49.8578183404333;41.39327929006747
1109;ACEH;PIDIE ;0.03;20.64;0.06;0.31;0.06;42.8234360078995;45.12116366604324
1110;ACEH;BIREUEN ;0.13;16.42;0.18;0.51;0.01;45.1117173375351;43.64826316137885
1111;ACEH;ACEH UTARA ;0.75;15.88;0.09;0.31;0.04;39.1704108157787;42.63114047355236
1112;ACEH;ACEH BARAT DAYA ;0.12;18.44;0.06;0.22;0.0;47.9199914143652;43.351546230779064
1113;ACEH;GAYO LUES ;0.02;15.13;0.3;0.2;0.06;47.1302170697274;41.76988989157523
1114;ACEH;ACEH TAMIANG ;0.17;16.02;0.31;0.11;0.08;48.1584403668465;41.8008437166206
1115;ACEH;NAGAN RAYA ;0.04;17.52;0.06;0.13;0.02;47.6931269199219;42.674995846459844
1116;ACEH;ACEH JAYA ;0.23;16.82;0.08;0.72;0.01;47.3623466161331;44.939120737190606
1117;ACEH;BENER MERIAH ;0.26;15.43;0.05;0.01;0.08;48.4701113448921;41.50796734311882
1171;ACEH;BANDA ACEH KOTA;0.55;15.1;0.01;0.42;0.05;60.9851895056001;43.05836540186145
1172;ACEH;SABANG KOTA;0.23;15.53;0.16;0.92;0.09;61.3238949371455;45.63203532844525
1173;ACEH;LANGSA KOTA;0.56;25.05;0.06;0.38;0.05;55.0913549400454;47.1609809384444
1174;ACEH;LHOKSEUMAWE KOTA;1.51;11.79;0.07;0.35;0.17;53.0159902940442;41.59062916675106
1175;ACEH;SUBULUSSALAM KOTA;0.04;16.74;0.04;0.41;0.28;45.0608873018779;45.210959938769875
1201;SUMATERA UTARA;NIAS ;0.04;25.78;0.02;0.16;0.02;34.6130027346525;46.51855368196934
1202;SUMATERA UTARA;MANDAILING NATAL ;0.07;11.59;0.1;0.23;0.04;37.9304296142713;40.56729085885407
1203;SUMATERA UTARA;TAPANULI SELATAN ;0.26;13.28;0.2;0.03;0.04;40.2054153968433;40.152289508717175
1204;SUMATERA UTARA;TAPANULI TENGAH ;0.26;16.65;0.06;0.63;0.02;43.5967759831403;44.53395069273511
1205;SUMATERA UTARA;TAPANULI UTARA ;0.04;16.9;0.22;0.06;0.04;44.2998183836316;41.916982088681884
1206;SUMATERA UTARA;TOBA ;0.1;16.11;0.07;0.5;0.1;49.0733494623172;44.204864200490306
1207;SUMATERA UTARA;LABUHAN BATU ;0.41;20.17;0.1;0.57;0.05;42.9980948874653;45.867737838940165
1208;SUMATERA UTARA;ASAHAN ;0.12;12.66;0.19;0.03;0.29;44.1677143594398;41.43127747674648
1209;SUMATERA UTARA;SIMALUNGUN ;0.03;12.18;0.14;0.3;0.1;43.6317323944861;41.450266696650246
1210;SUMATERA UTARA;DAIRI ;0.24;16.86;0.08;0.33;0.1;43.7034947088151;43.68844204414237
1211;SUMATERA UTARA;KARO ;0.05;14.93;0.35;1.0;0.03;49.1017318790805;45.10197147267019
1212;SUMATERA UTARA;DELI SERDANG ;0.05;15.75;0.11;0.96;0.13;45.5479160117637;46.29587543524925
1213;SUMATERA UTARA;LANGKAT ;0.03;16.45;0.02;0.08;0.13;43.2145812813526;42.70246184336961
1214;SUMATERA UTARA;NIAS SELATAN ;0.0;9.01;0.08;0.01;0.0;29.8146188233893;38.23389946836662
1215;SUMATERA UTARA;HUMBANG HASUNDUTAN ;0.14;15.99;0.5;0.36;0.04;45.4940687692504;42.37972718673696
1217;SUMATERA UTARA;SAMOSIR ;0.13;12.77;0.11;0.33;0.01;47.114729007609;41.333463445187874
1218;SUMATERA UTARA;SERDANG BEDAGAI ;0.03;13.43;0.21;0.09;0.09;43.4809014976852;40.847490672693105
1219;SUMATERA UTARA;BATU BARA ;0.2;12.34;0.09;0.64;0.03;43.5849352287507;42.70916010576966
1220;SUMATERA UTARA;PADANG LAWAS UTARA ;1.05;11.96;0.14;0.17;0.04;33.9662605300258;40.0784308375269
1221;SUMATERA UTARA;PADANG LAWAS ;0.02;12.87;0.03;0.25;0.16;38.1079258116031;42.07699435558004
1222;SUMATERA UTARA;LABUHAN BATU SELATAN ;3.33;17.41;0.06;0.44;0.01;43.6672453506232;42.97795489152793
1223;SUMATERA UTARA;LABUHAN BATU UTARA ;0.19;15.9;0.02;0.47;0.02;43.3431817879435;43.556689627257065
1224;SUMATERA UTARA;NIAS UTARA ;0.06;9.13;0.09;0.33;0.05;39.5932924530792;40.02711989518149
1225;SUMATERA UTARA;NIAS BARAT ;0.03;16.19;0.07;0.01;0.05;39.7282434782064;41.699763834129996
1271;SUMATERA UTARA;SIBOLGA KOTA;0.0;18.71;0.04;0.45;0.05;56.7612193025389;44.90352805584637
1272;SUMATERA UTARA;TANJUNG BALAI KOTA;0.02;19.38;0.08;0.18;0.23;49.0525261414965;44.947808115371316
1273;SUMATERA UTARA;PEMATANG SIANTAR KOTA;0.04;20.99;0.05;2.09;0.1;53.5783918048167;53.75203398845709
1274;SUMATERA UTARA;TEBING TINGGI KOTA;1.9;25.42;0.1;1.22;0.12;53.4722528613056;51.13593022981439
1275;SUMATERA UTARA;MEDAN KOTA;0.16;14.33;0.18;0.34;0.09;52.9120813464781;42.410902879991404
1276;SUMATERA UTARA;BINJAI KOTA;0.73;20.79;0.1;0.67;0.07;51.5134764244758;46.622506382983204
1277;SUMATERA UTARA;PADANGSIDIMPUAN KOTA;0.41;14.62;0.13;0.66;0.08;49.6755988642391;43.96755385086071
1278;SUMATERA UTARA;GUNUNGSITOLI KOTA;0.51;9.89;0.1;0.89;0.02;44.5676647237589;42.61268726286729
1301;SUMATERA BARAT;KEPULAUAN MENTAWAI ;0.41;15.56;0.2;0.17;0.07;38.4204986976264;41.93472425205526
1302;SUMATERA BARAT;PESISIR SELATAN ;0.55;15.71;0.44;0.54;0.3;48.3535960422558;44.61668620626473
1303;SUMATERA BARAT;SOLOK ;0.19;14.61;0.18;0.15;0.03;45.2270328731758;41.28918263975793
1304;SUMATERA BARAT;SIJUNJUNG ;0.18;20.84;0.07;0.25;0.15;46.5285531529188;45.40451802682293
1305;SUMATERA BARAT;TANAH DATAR ;0.07;16.58;0.26;0.36;0.01;51.6123079770229;42.90374859859155
1306;SUMATERA BARAT;PADANG PARIAMAN ;0.11;15.12;0.04;0.03;0.13;47.5203243203406;41.82624376916893
1307;SUMATERA BARAT;AGAM ;0.97;16.62;0.04;0.26;0.06;43.0589231397685;42.864557847818695
1308;SUMATERA BARAT;LIMA PULUH KOTA ;0.06;12.89;0.36;0.11;0.13;49.3192690029002;40.66800933036043
1309;SUMATERA BARAT;PASAMAN ;0.14;20.74;0.3;0.37;0.07;46.4876974488088;45.046296382963455
1310;SUMATERA BARAT;SOLOK SELATAN ;2.59;25.92;0.16;0.24;0.07;49.5196522091083;46.2104661191642
1311;SUMATERA BARAT;DHARMASRAYA ;2.7;18.25;0.11;0.06;0.02;53.2803497587593;41.75929101452558
1312;SUMATERA BARAT;PASAMAN BARAT ;0.29;17.34;0.14;0.14;0.02;47.1734723907517;42.423866138554246
1372;SUMATERA BARAT;SOLOK KOTA;0.23;10.51;0.14;1.01;0.14;58.2678789580502;44.172159350906384
1374;SUMATERA BARAT;PADANG PANJANG KOTA;0.28;23.94;0.09;1.31;0.11;58.5712488608594;51.36129143515599
1375;SUMATERA BARAT;BUKITTINGGI KOTA;0.22;12.59;0.15;1.92;0.05;62.422552310005;48.74062691787612
1376;SUMATERA BARAT;PAYAKUMBUH KOTA;0.41;21.98;0.13;0.9;0.26;56.005209343069;49.388417464029985
1377;SUMATERA BARAT;PARIAMAN KOTA;0.25;12.55;0.13;0.45;0.58;58.3660468179572;45.11768860878577
1401;RIAU;KUANTAN SINGINGI ;0.14;14.53;0.11;0.35;0.06;46.9841727875621;42.49538206128063
1402;RIAU;INDRAGIRI HULU ;0.09;16.09;0.14;0.33;0.06;42.9938006091772;43.05225899306423
1403;RIAU;INDRAGIRI HILIR ;0.48;16.16;0.11;0.41;0.01;32.2670863788658;43.08615164598735
1404;RIAU;PELALAWAN ;0.09;10.87;0.55;0.76;0.1;42.9003412440031;42.26029007524303
1405;RIAU;S I A K ;0.06;15.27;0.04;0.7;0.01;50.3644030472294;44.28769378862411
1406;RIAU;KAMPAR ;0.53;15.08;0.2;0.12;0.04;45.9794294960043;41.27635587117111
1407;RIAU;ROKAN HULU ;0.02;12.14;0.02;0.37;0.06;43.7924216858922;41.731437214803684
1408;RIAU;BENGKALIS ;0.2;13.71;0.11;0.53;0.12;47.5751123371333;43.30534466942346
1409;RIAU;ROKAN HILIR ;0.14;11.28;0.0;0.81;0.12;42.144326263768;43.74154381841906
1410;RIAU;KEPULAUAN MERANTI ;0.05;16.11;0.03;0.29;0.1;37.2342294737193;43.32041383793935
1471;RIAU;PEKANBARU KOTA;0.29;9.27;0.18;4.27;0.11;54.8616689635075;58.42043139478321
1473;RIAU;D U M A I KOTA;0.09;26.28;0.17;0.43;0.07;51.4973037874161;48.00517043642384
1501;JAMBI;KERINCI ;0.66;9.54;0.04;0.28;0.15;46.7809647148176;40.474421215128565
1502;JAMBI;MERANGIN ;0.41;17.13;0.1;0.34;0.06;42.5963208253441;43.52702676921052
1503;JAMBI;SAROLANGUN ;0.04;18.41;0.07;0.01;0.04;43.5523603897988;42.613906782082694
1504;JAMBI;BATANG HARI ;0.04;15.5;0.33;0.22;0.06;43.5205883092448;41.96620202630953
1505;JAMBI;MUARO JAMBI ;0.29;13.7;0.14;0.14;0.24;43.4675429634143;42.13402998773662
1506;JAMBI;TANJUNG JABUNG TIMUR ;0.29;12.11;0.61;0.06;0.43;37.7541261414475;41.3721925894656
1507;JAMBI;TANJUNG JABUNG BARAT ;0.15;14.37;0.43;0.47;0.13;39.0559264916049;42.83162265756739
1508;JAMBI;TEBO ;0.15;18.31;0.07;0.26;0.01;41.0272233984671;43.51190160770094
1509;JAMBI;BUNGO ;0.74;18.45;0.04;0.53;0.02;45.4575053931699;44.75013231444946
1571;JAMBI;JAMBI KOTA;0.08;14.91;0.1;1.81;0.12;52.1435918402339;49.80199649963955
1572;JAMBI;SUNGAI PENUH KOTA;0.33;19.49;0.16;0.72;0.32;57.5618636094455;47.79102799570448
1601;SUMATERA SELATAN;OGAN KOMERING ULU ;0.19;12.57;0.12;0.16;0.11;45.550738892438;41.02015540418732
1602;SUMATERA SELATAN;OGAN KOMERING ILIR ;0.09;12.99;0.19;0.2;0.14;37.459781307314;41.47675510722442
1603;SUMATERA SELATAN;MUARA ENIM ;0.17;17.1;0.52;0.2;0.1;44.1709840795326;42.44228815841448
1604;SUMATERA SELATAN;LAHAT ;0.11;15.95;0.09;0.18;0.05;44.4263058440145;42.31961780082864
1605;SUMATERA SELATAN;MUSI RAWAS ;0.03;14.79;0.32;0.14;0.15;40.8697408928296;41.841517452679234
1606;SUMATERA SELATAN;MUSI BANYUASIN ;0.4;18.69;0.37;0.83;0.12;40.8780723326917;46.36398755386607
1607;SUMATERA SELATAN;BANYU ASIN ;1.23;11.34;0.19;0.23;0.15;35.8370963463383;40.595064044255224
1609;SUMATERA SELATAN;OGAN KOMERING ULU TIMUR ;0.59;16.19;0.52;0.18;0.02;40.963671696747;41.34202836187036
1610;SUMATERA SELATAN;OGAN ILIR ;0.65;12.3;0.23;0.28;0.08;40.9200401791956;40.94086267933853
1611;SUMATERA SELATAN;EMPAT LAWANG ;0.13;14.72;0.08;0.28;0.1;37.1734565756896;42.549903951993485
1612;SUMATERA SELATAN;PENUKAL ABAB LEMATANG ILIR ;0.37;12.11;0.17;0.04;0.18;42.8033886650074;40.53704094840538
1613;SUMATERA SELATAN;MUSI RAWAS UTARA ;0.07;12.71;0.66;0.05;0.08;37.5957333608499;39.48337454702361
1671;SUMATERA SELATAN;PALEMBANG KOTA;0.01;14.85;0.02;1.52;0.03;50.3347678425306;48.06131774937923
1672;SUMATERA SELATAN;PRABUMULIH KOTA;0.02;18.41;0.1;0.0;0.03;50.8870886548102;42.461586224878914
1673;SUMATERA SELATAN;PAGAR ALAM KOTA;0.01;20.28;0.13;0.01;0.05;47.881982411917;43.400325209057414
1674;SUMATERA SELATAN;LUBUKLINGGAU KOTA;0.05;17.74;0.13;0.54;0.02;48.3645408851328;44.540005097352264
1701;BENGKULU;BENGKULU SELATAN ;0.66;15.68;0.4;0.04;0.02;49.4009483166375;40.65984333549531
1702;BENGKULU;REJANG LEBONG ;0.12;20.51;0.12;0.64;0.02;45.7209742694037;46.21675479252202
1703;BENGKULU;BENGKULU UTARA ;0.62;16.25;0.01;0.24;0.04;47.1284942339497;42.65141843299213
1704;BENGKULU;KAUR ;1.22;13.81;0.18;0.13;0.05;42.5703014014118;40.64429075313382
1705;BENGKULU;SELUMA ;0.05;14.02;0.02;0.01;0.0;44.6828925860597;40.52834771344064
1706;BENGKULU;MUKOMUKO ;0.12;15.86;0.15;0.15;0.04;49.7766311904523;41.97328290526062
1707;BENGKULU;LEBONG ;0.08;13.85;0.31;0.21;0.5;44.6014779984783;43.84044146091164
1708;BENGKULU;KEPAHIANG ;0.07;16.28;0.08;0.66;0.05;44.4856175947875;44.71248422234728
1709;BENGKULU;BENGKULU TENGAH ;0.05;14.35;0.06;0.07;0.02;45.5578203357221;40.999770451049244
1771;BENGKULU;BENGKULU KOTA;0.15;15.66;0.08;0.37;0.13;55.8969946719598;43.55203713034731
1801;LAMPUNG;LAMPUNG BARAT ;1.0;17.15;0.17;0.23;0.09;42.4404164304592;42.90040578722426
1802;LAMPUNG;TANGGAMUS ;0.4;12.63;0.24;0.08;0.02;41.7951648320186;39.8642925556796
1803;LAMPUNG;LAMPUNG SELATAN ;0.36;16.52;0.2;0.04;0.12;41.0980629942983;42.07021640939522
1804;LAMPUNG;LAMPUNG TIMUR ;0.16;11.92;0.31;0.1;0.05;40.8195861026712;39.774706800226106
1805;LAMPUNG;LAMPUNG TENGAH ;0.11;11.32;0.36;0.04;0.09;42.2102564875602;39.399696640975066
1806;LAMPUNG;LAMPUNG UTARA ;0.4;12.57;0.04;0.34;0.06;40.3190015235753;41.628961100957255
1807;LAMPUNG;WAY KANAN ;0.12;14.34;0.08;0.11;0.07;41.0491120702265;41.42147430108395
1808;LAMPUNG;TULANGBAWANG ;0.1;15.62;0.43;0.17;0.06;37.5033885359349;41.59372140753684
1809;LAMPUNG;PESAWARAN ;0.37;8.99;0.13;0.07;0.04;41.0414282937185;38.53815539777718
1810;LAMPUNG;PRINGSEWU ;0.05;15.19;0.47;0.13;0.14;42.302958648472;41.64201149771765
1811;LAMPUNG;MESUJI ;0.1;17.97;0.76;0.03;0.03;37.2811444987665;41.222435263816024
1812;LAMPUNG;TULANG BAWANG BARAT ;0.07;10.5;0.09;0.17;0.07;41.8328441345563;40.00690287317548
1813;LAMPUNG;PESISIR BARAT ;0.04;9.38;0.09;0.21;0.0;41.4466011574304;39.290761287124866
1871;LAMPUNG;BANDAR LAMPUNG KOTA;0.42;14.42;0.02;0.05;0.01;51.3414655719251;40.833947302069554
1872;LAMPUNG;METRO KOTA;0.07;31.22;0.12;0.14;0.03;54.5848717886523;48.69460966653218
1901;KEPULAUAN BANGKA BELITUNG;BANGKA ;0.09;17.7;0.02;0.6;0.07;45.0484006832202;45.2785716258534
1902;KEPULAUAN BANGKA BELITUNG;BELITUNG ;0.23;22.08;0.1;0.69;0.13;48.9508612643927;47.795549551000335
1903;KEPULAUAN BANGKA BELITUNG;BANGKA BARAT ;0.07;18.23;0.13;1.33;0.12;41.5994808484888;48.99564925537873
1904;KEPULAUAN BANGKA BELITUNG;BANGKA TENGAH ;0.5;19.02;0.13;0.17;0.08;43.6028428938199;43.61189795358854
1905;KEPULAUAN BANGKA BELITUNG;BANGKA SELATAN ;0.03;19.03;0.06;0.38;0.02;40.3702745032028;44.49759142358654
1906;KEPULAUAN BANGKA BELITUNG;BELITUNG TIMUR ;0.52;11.14;0.11;0.75;0.13;49.6202524935252;43.151187129241194
1971;KEPULAUAN BANGKA BELITUNG;PANGKALPINANG KOTA;0.49;19.35;0.04;1.69;0.15;51.3301183292097;51.35835274629237
2101;KEPULAUAN RIAU;KARIMUN ;0.06;17.07;0.12;0.13;0.04;44.8081812697778;42.48464311726189
2102;KEPULAUAN RIAU;BINTAN ;0.21;16.64;0.07;1.23;0.01;52.1292538673928;47.23996545670445
2103;KEPULAUAN RIAU;NATUNA ;0.07;17.87;0.18;0.26;0.02;49.9936799220652;43.209532573315705
2104;KEPULAUAN RIAU;LINGGA ;0.09;15.98;0.06;0.35;0.05;45.7161372124359;43.17714872996011
2105;KEPULAUAN RIAU;KEPULAUAN ANAMBAS ;0.07;17.02;0.15;0.28;0.02;48.6539472160439;42.98060131965092
2171;KEPULAUAN RIAU;B A T A M KOTA;0.0;11.46;0.04;2.87;0.04;48.7191318493412;52.834408317374965
2172;KEPULAUAN RIAU;TANJUNG PINANG KOTA;0.77;21.11;0.09;0.81;0.03;54.2472768955736;47.17676188683585
3201;JAWA BARAT;BOGOR ;0.85;16.48;0.12;0.77;0.1;40.8129039931528;45.29448370545944
3202;JAWA BARAT;SUKABUMI ;0.07;17.39;0.18;0.31;0.09;39.3967671016761;43.64674358215132
3203;JAWA BARAT;CIANJUR ;0.77;24.03;0.16;0.22;0.08;36.2876605312313;45.91097602239465
3204;JAWA BARAT;BANDUNG ;0.17;19.24;0.19;0.65;0.09;44.3733338477593;45.983054396163894
3205;JAWA BARAT;GARUT ;0.3;15.73;0.3;0.34;0.05;38.4991117949059;42.53418581188049
3206;JAWA BARAT;TASIKMALAYA ;0.11;12.75;0.08;0.03;0.0;38.8100605215208;39.937889602959025
3208;JAWA BARAT;KUNINGAN ;0.11;16.85;0.19;0.06;0.03;44.4289409365597;41.86631583019895
3209;JAWA BARAT;CIREBON ;0.12;22.31;0.04;0.54;0.05;42.9612155991647;46.866219777360925
3210;JAWA BARAT;MAJALENGKA ;0.08;26.76;0.08;0.13;0.04;43.8122947661136;46.81263875725138
3211;JAWA BARAT;SUMEDANG ;0.1;16.85;0.19;0.18;0.01;44.1023713925043;42.304575235637294
3212;JAWA BARAT;INDRAMAYU ;0.07;19.63;0.35;0.64;0.1;42.7900849507113;45.918095135817865
3213;JAWA BARAT;SUBANG ;0.1;13.61;0.04;0.39;0.04;43.3449406703138;42.291465889029865
3214;JAWA BARAT;PURWAKARTA ;0.46;14.64;0.05;0.09;0.12;39.5649757568739;41.706395265418244
3215;JAWA BARAT;KARAWANG ;0.23;15.99;0.23;0.57;0.14;43.5996324597493;44.39259895039166
3216;JAWA BARAT;BEKASI ;0.36;14.57;0.08;1.47;0.15;47.2025986388466;48.2086425723039
3217;JAWA BARAT;BANDUNG BARAT ;0.19;11.28;0.1;0.97;0.07;39.4266126808804;43.991437604963096
3218;JAWA BARAT;PANGANDARAN ;0.29;19.76;0.5;0.33;0.02;45.9587051435619;43.73423136099081
3271;JAWA BARAT;BOGOR KOTA;0.1;17.88;0.01;0.86;0.22;51.4979772086458;47.467950953401136
3272;JAWA BARAT;SUKABUMI KOTA;0.09;36.07;0.08;0.26;0.05;48.5016952389032;51.56651529553088
3273;JAWA BARAT;BANDUNG KOTA;0.56;18.22;0.1;1.97;0.09;57.254268117538;51.66984614160931
3274;JAWA BARAT;CIREBON KOTA;0.19;32.03;0.13;0.86;0.02;56.6097640908969;52.263101803002115
3275;JAWA BARAT;BEKASI KOTA;0.13;17.81;0.03;2.86;0.13;57.0716953751491;56.09632661218217
3277;JAWA BARAT;CIMAHI KOTA;0.25;22.54;0.06;1.95;0.23;54.520336837726;54.479725201040225
3278;JAWA BARAT;TASIKMALAYA KOTA;0.15;20.35;0.05;0.87;0.11;46.7232979593583;47.85931195447987
3279;JAWA BARAT;BANJAR KOTA;0.21;28.08;0.1;0.05;0.03;50.0299558058881;46.88875783238191
3301;JAWA TENGAH;CILACAP ;0.18;18.91;0.37;0.23;0.1;41.516925810026;43.63773152748233
3302;JAWA TENGAH;BANYUMAS ;0.32;19.34;0.16;0.13;0.02;46.9983175325202;43.213292523980435
3303;JAWA TENGAH;PURBALINGGA ;0.05;17.15;0.31;0.25;0.08;42.3220736756168;42.98215433974004
3304;JAWA TENGAH;BANJARNEGARA ;0.3;19.57;0.06;0.08;0.01;39.4605933005426;43.20572237873248
3305;JAWA TENGAH;KEBUMEN ;0.21;17.26;0.46;0.29;0.07;44.3133470063359;42.84258816916869
3306;JAWA TENGAH;PURWOREJO ;0.24;19.45;0.11;0.43;0.02;43.250852107112;44.76040125276036
3307;JAWA TENGAH;WONOSOBO ;0.46;16.52;0.12;0.32;0.03;40.3034456106531;42.93665661884607
3308;JAWA TENGAH;MAGELANG ;0.08;15.69;0.04;0.41;0.02;42.3953469489405;43.18608777908224
3309;JAWA TENGAH;BOYOLALI ;0.17;20.24;0.17;0.25;0.07;43.1397398694895;44.490896459153625
3310;JAWA TENGAH;KLATEN ;0.09;14.31;0.16;0.41;0.07;48.0085528538184;42.66310915680151
3311;JAWA TENGAH;SUKOHARJO ;0.05;16.87;0.29;0.52;0.03;47.8197916399629;43.84335861983431
3312;JAWA TENGAH;WONOGIRI ;0.02;19.57;0.24;0.09;0.01;43.8011409489249;43.02266437406106
3313;JAWA TENGAH;KARANGANYAR ;0.13;18.19;0.06;0.21;0.04;46.5918895522702;43.430757685417106
3314;JAWA TENGAH;SRAGEN ;0.6;21.5;0.13;0.25;0.02;43.4657301014766;44.68396785216281
3315;JAWA TENGAH;GROBOGAN ;0.19;16.04;0.35;0.27;0.1;43.9499785652871;42.5916624799478
3316;JAWA TENGAH;BLORA ;0.03;15.77;0.13;0.22;0.16;41.3213216351514;43.03573569424026
3317;JAWA TENGAH;REMBANG ;0.12;15.7;0.19;0.17;0.01;43.6434024189939;41.74612480389937
3318;JAWA TENGAH;PATI ;0.03;15.52;0.36;0.15;0.0;45.7853871771216;41.24421151869872
3319;JAWA TENGAH;KUDUS ;0.08;21.24;0.18;0.27;0.01;46.4931912992498;44.67591772958915
3320;JAWA TENGAH;JEPARA ;0.03;16.18;0.08;0.29;0.14;44.6139474112761;43.50812417805378
3321;JAWA TENGAH;DEMAK ;0.49;19.53;0.2;0.09;0.07;46.1908035124149;43.2872196422629
3322;JAWA TENGAH;SEMARANG ;0.12;20.53;0.28;0.44;0.03;46.2469758992183;45.08011241261484
3323;JAWA TENGAH;TEMANGGUNG ;0.14;21.69;0.02;0.29;0.01;41.2601702959572;45.228756160626034
3324;JAWA TENGAH;KENDAL ;0.11;19.29;0.22;0.37;0.13;47.6820934973547;44.915868385505675
3325;JAWA TENGAH;BATANG ;0.05;16.14;0.19;0.16;0.01;41.5888266230992;41.91526763123681
3326;JAWA TENGAH;PEKALONGAN ;0.06;23.46;0.06;0.17;0.02;43.4007682790322;45.467403865102625
3327;JAWA TENGAH;PEMALANG ;0.12;15.0;0.15;0.21;0.06;40.745865394616;41.99132457531062
3328;JAWA TENGAH;TEGAL ;0.09;19.09;0.01;0.49;0.17;40.4690318165232;45.99588415603806
3329;JAWA TENGAH;BREBES ;0.1;16.79;0.1;0.19;0.1;41.1915095277185;43.01914531077878
3371;JAWA TENGAH;MAGELANG KOTA;0.1;30.36;0.2;1.06;0.13;60.0934994855793;53.01319966363408
3373;JAWA TENGAH;SALATIGA KOTA;0.07;27.3;0.14;0.18;0.15;55.0124860532213;47.8349243466265
3374;JAWA TENGAH;SEMARANG KOTA;0.21;16.3;0.07;1.78;0.2;54.1196165740219;50.76443530173998
3375;JAWA TENGAH;PEKALONGAN KOTA;0.18;22.18;0.09;0.93;0.18;47.886910514374;49.27963284267854
3376;JAWA TENGAH;TEGAL KOTA;0.05;25.45;0.05;2.17;0.09;48.9590968065702;56.02146836037298
3401;DI YOGYAKARTA;KULON PROGO ;0.05;20.26;0.1;0.26;0.05;48.2647646979857;44.58684187242346
3402;DI YOGYAKARTA;BANTUL ;0.2;18.65;0.04;0.61;0.26;50.584839780664;46.80652919382955
3403;DI YOGYAKARTA;GUNUNG KIDUL ;0.14;15.96;0.12;0.23;0.07;43.9319482716697;42.61228061869513
3404;DI YOGYAKARTA;SLEMAN ;0.25;15.48;0.14;0.51;0.1;54.0159325311577;43.80432494737911
3471;DI YOGYAKARTA;YOGYAKARTA KOTA;0.23;20.91;0.08;0.87;0.06;62.242112622301;47.73004568154569
3501;JAWA TIMUR;PACITAN ;0.07;18.43;0.11;0.41;0.03;42.299277164753;44.331563504398694
3502;JAWA TIMUR;PONOROGO ;0.41;15.53;0.37;0.15;0.06;44.8177588279686;41.47087926842994
3503;JAWA TIMUR;TRENGGALEK ;1.01;18.28;0.11;0.19;0.06;42.0635389872519;43.13623266950873
3504;JAWA TIMUR;TULUNGAGUNG ;0.23;24.08;0.06;0.11;0.07;45.2090355198241;45.70840418754747
3505;JAWA TIMUR;BLITAR ;0.29;17.84;0.28;0.2;0.06;44.1489527349471;42.91370527152062
3506;JAWA TIMUR;KEDIRI ;0.2;19.87;0.16;0.33;0.11;44.2526533931087;44.94447439853293
3507;JAWA TIMUR;MALANG ;0.09;16.8;0.04;0.24;0.07;42.0597153406029;43.18415448638814
3508;JAWA TIMUR;LUMAJANG ;0.1;18.02;0.2;0.37;0.03;41.3038193272401;43.79894324976931
3509;JAWA TIMUR;JEMBER ;0.08;16.87;0.04;0.28;0.04;40.0461457656555;43.22397271169618
3510;JAWA TIMUR;BANYUWANGI ;0.09;16.77;0.1;0.41;0.12;46.3505230161162;44.149145158412864
3511;JAWA TIMUR;BONDOWOSO ;0.14;19.65;0.04;0.14;0.04;38.5864002178777;43.78182509339392
3512;JAWA TIMUR;SITUBONDO ;0.07;18.31;0.08;0.34;0.09;39.5228507819834;44.365833282176574
3513;JAWA TIMUR;PROBOLINGGO ;0.21;16.57;0.17;0.07;0.1;40.6312851500403;42.21081722828322
3514;JAWA TIMUR;PASURUAN ;0.06;17.24;0.13;0.23;0.05;41.670517054503;43.063530573317585
3515;JAWA TIMUR;SIDOARJO ;0.06;22.66;0.06;0.83;0.11;52.262726348138;48.701359341626336
3516;JAWA TIMUR;MOJOKERTO ;0.07;15.45;0.21;0.2;0.06;47.2577066314414;42.05326798162913
3517;JAWA TIMUR;JOMBANG ;0.02;23.03;0.1;0.2;0.04;48.3620441731255;45.47821159593414
3518;JAWA TIMUR;NGANJUK ;0.13;18.13;0.02;0.25;0.09;46.7313112716955;43.957580099826316
3519;JAWA TIMUR;MADIUN ;1.24;17.2;0.07;0.11;0.09;46.3036906573202;42.4691432006611
3520;JAWA TIMUR;MAGETAN ;0.07;17.1;0.05;0.14;0.11;46.9789904854896;43.081318781257764
3521;JAWA TIMUR;NGAWI ;0.2;18.91;0.25;0.06;0.09;44.3445073276671;42.997249054999976
3522;JAWA TIMUR;BOJONEGORO ;0.14;15.71;0.08;0.17;0.02;43.5864636602263;41.997166261747644
3523;JAWA TIMUR;TUBAN ;0.44;16.41;0.33;0.31;0.14;43.4440733676762;43.13533531453576
3524;JAWA TIMUR;LAMONGAN ;0.06;18.82;0.27;0.13;0.07;46.6624939104539;43.17012060292659
3525;JAWA TIMUR;GRESIK ;0.08;15.06;0.07;0.32;0.07;46.9870280524544;42.73851343521708
3526;JAWA TIMUR;BANGKALAN ;0.05;17.6;0.26;0.22;0.06;35.8534807286836;43.01012902190301
3527;JAWA TIMUR;SAMPANG ;0.07;16.54;0.3;0.25;0.03;33.1172440820269;42.426932377092484
3528;JAWA TIMUR;PAMEKASAN ;0.1;15.23;0.03;0.2;0.09;38.6541577478181;42.4422169668822
3529;JAWA TIMUR;SUMENEP ;0.04;16.45;0.79;0.09;0.08;36.9471640204071;41.094876927540255
3571;JAWA TIMUR;KEDIRI KOTA;0.33;25.19;0.07;1.0;0.06;55.1176519304198;50.200541029964356
3572;JAWA TIMUR;BLITAR KOTA;0.44;29.76;0.09;1.36;0.15;59.4320766708168;54.34216509895168
3573;JAWA TIMUR;MALANG KOTA;0.14;14.44;0.11;1.14;0.04;55.9610477393423;45.98643612365287
3574;JAWA TIMUR;PROBOLINGGO KOTA;0.08;24.2;0.07;0.65;0.08;48.8623567556478;48.34471850433468
3575;JAWA TIMUR;PASURUAN KOTA;0.15;19.82;0.15;1.39;0.15;48.1382895001684;50.09144567809157
3576;JAWA TIMUR;MOJOKERTO KOTA;0.89;24.12;0.09;0.46;0.05;54.6355795051326;46.96622874672555
3577;JAWA TIMUR;MADIUN KOTA;0.19;20.24;0.11;0.69;0.16;57.4479253726536;47.15963009036276
3579;JAWA TIMUR;BATU KOTA;0.7;9.5;0.44;0.68;0.11;49.9517747712948;41.35132794484978
3601;BANTEN;PANDEGLANG ;0.08;14.05;0.02;0.07;0.05;33.4380850434393;41.10760298599753
3602;BANTEN;LEBAK ;0.11;16.8;0.14;0.25;0.11;34.6552298826981;43.28702113194194
3603;BANTEN;TANGERANG ;0.38;19.64;0.04;0.89;0.14;43.155368524313;47.76435501725407
3604;BANTEN;SERANG ;0.15;16.1;0.3;0.91;0.15;36.0995382210882;45.973362146347455
3671;BANTEN;TANGERANG KOTA;0.05;15.73;0.08;2.6;0.25;51.3794633045164;54.632397858351275
3672;BANTEN;CILEGON KOTA;0.19;16.07;0.11;0.7;0.31;49.7351581424193;46.26535632733112
3673;BANTEN;SERANG KOTA;0.17;9.2;0.03;1.9;0.09;41.9288275114742;47.62133353167035
3674;BANTEN;TANGERANG SELATAN KOTA;0.28;18.21;0.03;4.59;0.16;53.1882799990445;64.3975367894367
5101;BALI;JEMBRANA ;0.17;17.25;0.05;0.37;0.02;51.078854438416;43.642234620710845
5102;BALI;TABANAN ;0.15;21.74;0.03;0.47;0.02;53.8909701596574;46.12134743288135
5103;BALI;BADUNG ;0.16;17.5;0.02;1.45;0.07;60.4773135323633;49.09596511107874
5104;BALI;GIANYAR ;0.17;23.94;0.0;0.16;0.05;55.9314118221992;45.882560097985014
5105;BALI;KLUNGKUNG ;0.08;27.01;0.05;0.77;0.03;49.6945255657021;49.872609282396574
5106;BALI;BANGLI ;0.05;27.91;0.03;0.34;0.01;46.7560166086428;48.20715557749227
5107;BALI;KARANGASEM ;0.11;18.33;0.14;0.66;0.03;45.7546902317437;45.37748578599141
5108;BALI;BULELENG ;0.22;19.94;0.1;0.71;0.03;46.5982809772206;46.35306616117334
5201;NUSA TENGGARA BARAT;LOMBOK BARAT ;0.06;19.44;0.31;0.45;0.11;41.8071492480854;45.089656130897986
5202;NUSA TENGGARA BARAT;LOMBOK TENGAH ;0.21;13.32;0.45;0.15;0.03;38.6427021109909;40.24106679525436
5203;NUSA TENGGARA BARAT;LOMBOK TIMUR ;0.12;19.18;0.17;0.21;0.01;41.5452527860124;43.497384529068796
5204;NUSA TENGGARA BARAT;SUMBAWA ;0.03;23.74;0.19;0.36;0.15;46.3365265943504;47.024615939260826
5205;NUSA TENGGARA BARAT;DOMPU ;0.07;16.73;0.31;0.27;0.03;45.7949889806467;42.585376884033664
5206;NUSA TENGGARA BARAT;BIMA ;0.09;16.94;0.68;0.08;0.11;45.770184270437;41.620884477303186
5207;NUSA TENGGARA BARAT;SUMBAWA BARAT ;0.13;13.5;0.74;0.19;0.19;55.4549980896094;40.97462337738094
5208;NUSA TENGGARA BARAT;LOMBOK UTARA ;0.17;19.87;0.14;1.08;0.03;36.8861537257051;47.97697951117298
5271;NUSA TENGGARA BARAT;MATARAM KOTA;0.07;22.32;0.08;1.67;0.05;54.0152544703811;52.03665160570351
5272;NUSA TENGGARA BARAT;BIMA KOTA;0.36;18.85;0.15;0.43;0.12;51.8230900433084;44.98518448255972
5301;NUSA TENGGARA TIMUR;SUMBA BARAT ;0.43;22.42;0.05;0.23;0.08;35.260585403448;45.54747822510953
5302;NUSA TENGGARA TIMUR;SUMBA TIMUR ;0.38;19.03;0.35;0.01;0.17;36.5280022118677;43.06457096162719
5303;NUSA TENGGARA TIMUR;KUPANG ;0.28;15.69;0.32;0.07;0.16;36.8907231568429;41.89616733313168
5304;NUSA TENGGARA TIMUR;TIMOR TENGAH SELATAN ;0.03;19.52;0.2;0.13;0.01;30.2467114002083;43.252625614369144
5305;NUSA TENGGARA TIMUR;TIMOR TENGAH UTARA ;0.07;22.2;0.28;0.33;0.04;40.9457253160601;45.38190679994675
5306;NUSA TENGGARA TIMUR;BELU ;2.21;22.12;0.45;0.41;0.2;41.2440516795423;45.70753057358062
5307;NUSA TENGGARA TIMUR;ALOR ;0.07;18.71;0.09;0.17;0.02;42.7106898928783;43.321435924194276
5308;NUSA TENGGARA TIMUR;LEMBATA ;0.03;12.35;0.21;0.0;0.01;43.4435185141909;39.47938690157692
5309;NUSA TENGGARA TIMUR;FLORES TIMUR ;0.29;17.04;0.16;0.15;0.02;46.2744241615689;42.30292652919988
5310;NUSA TENGGARA TIMUR;SIKKA ;0.0;23.62;0.03;0.04;0.0;42.8998357326915;44.8892472234379
5311;NUSA TENGGARA TIMUR;ENDE ;0.02;20.46;0.06;0.41;0.03;41.0278941777637;45.32818217653295
5312;NUSA TENGGARA TIMUR;NGADA ;0.0;18.9;4.26;0.34;0.01;46.4401068849569;36.82785299147932
5313;NUSA TENGGARA TIMUR;MANGGARAI ;0.04;18.63;0.12;0.46;0.01;40.7480904114922;44.523062298838106
5314;NUSA TENGGARA TIMUR;ROTE NDAO ;0.07;15.29;0.08;0.08;0.08;39.4335046042899;41.77605538851349
5315;NUSA TENGGARA TIMUR;MANGGARAI BARAT ;0.89;18.28;0.24;0.56;0.01;39.9829899161827;44.35643253475915
5316;NUSA TENGGARA TIMUR;SUMBA TENGAH ;0.18;16.79;0.6;0.06;0.33;37.3812817968983;42.88695382137034
5317;NUSA TENGGARA TIMUR;SUMBA BARAT DAYA ;0.15;12.78;0.39;0.07;0.08;27.5180716753788;40.056009154594
5318;NUSA TENGGARA TIMUR;NAGEKEO ;0.14;16.78;0.1;0.0;0.02;42.6125931106174;41.64744773225253
5319;NUSA TENGGARA TIMUR;MANGGARAI TIMUR ;0.11;16.39;0.12;0.11;0.04;38.2727020674696;42.07749545716602
5320;NUSA TENGGARA TIMUR;SABU RAIJUA ;0.26;14.65;0.1;0.0;0.15;38.0871617156565;41.448132315114236
5321;NUSA TENGGARA TIMUR;MALAKA ;0.02;19.45;0.25;0.12;0.0;40.3995036975867;43.03126795174601
5371;NUSA TENGGARA TIMUR;KUPANG KOTA;0.05;13.08;0.14;0.73;0.09;54.8131279715991;43.76712426411413
6101;KALIMANTAN BARAT;SAMBAS ;0.07;15.23;0.09;0.47;0.1;40.4593166074545;43.65321031930965
6102;KALIMANTAN BARAT;BENGKAYANG ;0.09;15.79;0.06;0.13;0.11;38.363847856022;42.43489743020391
6103;KALIMANTAN BARAT;LANDAK ;0.07;19.71;0.07;0.37;0.13;33.79120678846;45.37657857030391
6104;KALIMANTAN BARAT;MEMPAWAH ;0.02;26.63;0.08;0.48;0.03;42.0750933159774;48.33148060383881
6105;KALIMANTAN BARAT;SANGGAU ;0.12;15.91;0.14;0.15;0.15;33.9304568742319;42.668796248427896
6106;KALIMANTAN BARAT;KETAPANG ;0.06;12.08;0.09;0.39;0.17;34.1354349655079;42.31801119420746
6107;KALIMANTAN BARAT;SINTANG ;0.09;17.21;0.03;0.09;0.06;31.0927075391165;42.62947994213038
6108;KALIMANTAN BARAT;KAPUAS HULU ;0.28;13.39;0.04;0.1;0.12;37.9222260564982;41.27599183181771
6109;KALIMANTAN BARAT;SEKADAU ;0.32;19.65;0.07;0.22;0.03;33.7367565364837;43.98323599717246
6110;KALIMANTAN BARAT;MELAWI ;0.15;10.85;0.17;0.07;0.06;28.8492897692574;39.473913593789014
6111;KALIMANTAN BARAT;KAYONG UTARA ;0.12;15.27;0.18;0.04;0.3;43.0140249509209;42.70316808121063
6112;KALIMANTAN BARAT;KUBU RAYA ;0.1;12.05;0.23;1.05;0.09;39.47498418685;44.618728631279815
6172;KALIMANTAN BARAT;SINGKAWANG KOTA;0.07;27.87;0.08;0.56;0.01;47.8388574704061;49.11195312309899
6201;KALIMANTAN TENGAH;KOTAWARINGIN BARAT ;0.1;23.73;0.16;0.72;0.08;48.0345500817126;48.297016977154534
6202;KALIMANTAN TENGAH;KOTAWARINGIN TIMUR ;0.05;18.77;0.06;0.13;0.02;36.024427313405;43.221935959356635
6203;KALIMANTAN TENGAH;KAPUAS ;0.06;14.3;0.4;0.24;0.12;36.2429958227538;41.759186480101
6204;KALIMANTAN TENGAH;BARITO SELATAN ;0.07;17.3;0.04;0.37;0.05;38.4493481558414;43.89173721506103
6205;KALIMANTAN TENGAH;BARITO UTARA ;2.59;19.51;0.1;0.65;0.14;40.5021691075792;45.80691365848698
6206;KALIMANTAN TENGAH;SUKAMARA ;0.15;16.39;0.11;0.16;0.29;48.3491548586875;43.80443895826393
6207;KALIMANTAN TENGAH;LAMANDAU ;2.41;19.78;0.12;0.48;0.03;41.081477670432;44.505094520382414
6208;KALIMANTAN TENGAH;SERUYAN ;0.32;15.78;0.04;0.56;0.13;37.2232175885039;44.500161423121156
6209;KALIMANTAN TENGAH;KATINGAN ;0.26;14.24;0.35;0.33;0.26;37.0290119187921;43.00918287646466
6210;KALIMANTAN TENGAH;PULANG PISAU ;0.16;16.21;0.38;0.02;0.31;43.9314332275781;42.72030815982119
6211;KALIMANTAN TENGAH;GUNUNG MAS ;0.24;16.56;0.08;0.25;0.28;36.6144107770198;44.26018595504849
6212;KALIMANTAN TENGAH;BARITO TIMUR ;0.03;12.37;0.28;0.09;0.03;46.5800908448396;39.90030746083547
6213;KALIMANTAN TENGAH;MURUNG RAYA ;0.21;16.39;0.43;0.2;0.03;36.0219004943461;41.85811353643701
6271;KALIMANTAN TENGAH;PALANGKA RAYA KOTA;0.15;13.34;0.11;0.53;0.12;48.3640081367619;43.158052137483224
6301;KALIMANTAN SELATAN;TANAH LAUT ;0.05;18.61;0.05;0.19;0.2;45.8309279687985;44.519671385558084
6302;KALIMANTAN SELATAN;KOTABARU ;0.06;14.11;0.33;0.12;0.12;41.3531084071258;41.24411830772049
6303;KALIMANTAN SELATAN;BANJAR ;0.37;20.94;0.07;1.16;0.11;40.8445160547365;49.35535598260173
6304;KALIMANTAN SELATAN;BARITO KUALA ;0.05;13.18;0.6;0.06;0.04;41.1014815572205;39.60946653902329
6305;KALIMANTAN SELATAN;TAPIN ;0.31;12.7;0.19;0.5;0.14;43.6944873655369;42.66690004004074
6306;KALIMANTAN SELATAN;HULU SUNGAI SELATAN ;0.09;27.89;0.08;0.73;0.14;47.9630671492413;50.67518075799234
6307;KALIMANTAN SELATAN;HULU SUNGAI TENGAH ;0.5;20.24;0.49;0.58;0.27;44.7712888261525;46.54365237896699
6308;KALIMANTAN SELATAN;HULU SUNGAI UTARA ;0.17;30.89;0.14;0.34;0.11;46.6735095279251;49.88430865659644
6309;KALIMANTAN SELATAN;TABALONG ;0.5;14.29;0.18;1.25;0.12;47.3207195859363;46.67099458965066
6310;KALIMANTAN SELATAN;TANAH BUMBU ;0.35;14.53;0.41;0.41;0.16;46.6525319302967;42.7767619208888
6311;KALIMANTAN SELATAN;BALANGAN ;0.33;14.49;0.35;0.32;0.08;49.3912299726498;41.97789471946007
6371;KALIMANTAN SELATAN;BANJARMASIN KOTA;0.88;16.23;0.03;4.14;0.33;55.6537785965614;62.274686774419564
6372;KALIMANTAN SELATAN;BANJAR BARU KOTA;0.19;11.3;0.12;1.8;0.11;51.981167704035;48.03836002813017
6401;KALIMANTAN TIMUR;PASER ;0.11;10.94;0.13;0.36;0.14;44.9655830114337;41.41309025379366
6402;KALIMANTAN TIMUR;KUTAI BARAT ;0.1;14.96;0.07;0.09;0.07;42.8912120826348;41.62566667510425
6403;KALIMANTAN TIMUR;KUTAI KARTANEGARA ;0.22;15.64;0.2;0.22;0.35;42.3006653143345;43.92959434397269
6404;KALIMANTAN TIMUR;KUTAI TIMUR ;0.05;15.18;0.1;0.36;0.11;43.222454003836;43.17126625989234
6405;KALIMANTAN TIMUR;BERAU ;0.42;16.78;0.45;0.56;0.13;49.9667745846579;44.188980084495896
6409;KALIMANTAN TIMUR;PENAJAM PASER UTARA ;0.02;18.8;0.01;0.23;0.0;45.7724464677556;43.67502789906727
6411;KALIMANTAN TIMUR;MAHAKAM HULU ;0.0;12.3;0.11;0.14;0.18;39.8261893133519;41.302906571999756
6471;KALIMANTAN TIMUR;BALIKPAPAN KOTA;0.1;16.45;0.03;2.73;0.24;56.0488570151582;55.5625173646646
6472;KALIMANTAN TIMUR;SAMARINDA KOTA;0.24;11.58;0.04;0.11;0.02;55.6824503368615;39.941830930728514
6474;KALIMANTAN TIMUR;BONTANG KOTA;0.64;19.92;0.12;1.19;0.42;54.5742809943951;50.722063131785134
6501;KALIMANTAN UTARA;MALINAU ;0.23;13.74;0.04;0.55;0.09;41.4384579383331;43.34569879930719
6502;KALIMANTAN UTARA;BULUNGAN ;0.21;25.57;0.15;0.85;0.04;48.4376532900175;49.45219595448339
6503;KALIMANTAN UTARA;TANA TIDUNG ;0.12;17.07;0.27;0.55;0.05;48.7771159350838;44.20263496247102
6504;KALIMANTAN UTARA;NUNUKAN ;0.18;17.5;0.05;0.58;0.13;34.1720505671656;45.375317624899594
6571;KALIMANTAN UTARA;TARAKAN KOTA;0.06;14.57;0.08;1.41;0.05;54.8267116197708;47.42824196108012
7101;SULAWESI UTARA;BOLAANG MONGONDOW ;0.55;18.15;0.46;0.04;0.17;43.4730299793994;42.56995664927959
7102;SULAWESI UTARA;MINAHASA ;0.03;19.42;0.03;0.51;0.17;48.3582585889751;46.216993027820145
7103;SULAWESI UTARA;KEPULAUAN SANGIHE ;0.03;24.21;0.08;0.22;0.03;44.7086638412139;46.0622513095156
7104;SULAWESI UTARA;KEPULAUAN TALAUD ;0.38;28.23;0.08;0.0;0.16;45.5618103749519;47.481325431094795
7105;SULAWESI UTARA;MINAHASA SELATAN ;0.46;11.56;0.33;0.24;0.03;46.472837582003;40.015598532246514
7106;SULAWESI UTARA;MINAHASA UTARA ;0.07;19.42;0.12;0.48;0.02;44.8101939288849;45.0134124402684
7107;SULAWESI UTARA;BOLAANG MONGONDOW UTARA ;0.09;25.87;0.11;0.38;0.05;45.3535063180584;47.579876907257145
7108;SULAWESI UTARA;SIAU TAGULANDANG BIARO ;0.08;19.37;0.14;0.65;0.11;47.0089419205957;46.27528526020808
7109;SULAWESI UTARA;MINAHASA TENGGARA ;0.03;11.8;0.24;0.05;0.03;47.3114372011652;39.53494224194597
7110;SULAWESI UTARA;BOLAANG MONGONDOW SELATAN ;0.46;18.41;0.03;0.26;0.04;44.0841117935329;43.70883316668241
7111;SULAWESI UTARA;BOLAANG MONGONDOW TIMUR ;0.08;22.41;0.08;0.06;0.07;47.2699224425455;44.753968653551716
7171;SULAWESI UTARA;MANADO KOTA;0.1;11.64;0.04;2.36;0.01;55.2373477216913;50.34740151304521
7172;SULAWESI UTARA;BITUNG KOTA;0.19;13.51;0.12;1.65;0.02;49.0527904840167;47.781132042834734
7173;SULAWESI UTARA;TOMOHON KOTA;0.31;15.15;0.16;0.59;0.02;55.4439955928338;43.497918392266214
7174;SULAWESI UTARA;KOTAMOBAGU KOTA;0.06;19.14;0.15;1.15;0.03;51.1361804400491;47.99574430601804
7201;SULAWESI TENGAH;BANGGAI KEPULAUAN ;0.32;14.76;0.17;0.28;0.06;44.035850170183;42.111913984668256
7202;SULAWESI TENGAH;BANGGAI ;0.9;26.23;0.26;0.6;0.06;45.5462104173314;48.29944267733249
7203;SULAWESI TENGAH;MOROWALI ;0.28;14.36;0.03;0.51;0.15;43.0748758124095;43.793548247427026
7204;SULAWESI TENGAH;POSO ;0.2;18.56;0.09;0.13;0.02;51.1680818979094;43.03027107829478
7205;SULAWESI TENGAH;DONGGALA ;0.65;13.32;0.39;0.08;0.04;40.5069269044437;39.946098262926284
7206;SULAWESI TENGAH;TOLI-TOLI ;0.41;21.48;0.26;0.3;0.05;42.3255577542542;44.915698963801326
7207;SULAWESI TENGAH;BUOL ;0.41;19.57;0.68;0.02;0.1;44.951283571502;42.34200533785739
7208;SULAWESI TENGAH;PARIGI MOUTONG ;0.03;17.93;0.48;0.03;0.0;43.2282234630043;41.53949542073523
7209;SULAWESI TENGAH;TOJO UNA-UNA ;2.16;19.66;0.1;0.33;0.03;40.2414639556521;43.872000759411044
7210;SULAWESI TENGAH;SIGI ;5.26;18.16;0.11;0.08;0.02;40.7537126401258;41.01743827632237
7211;SULAWESI TENGAH;BANGGAI LAUT ;0.06;15.67;0.09;0.01;0.04;44.4369290734567;41.366871101197646
7212;SULAWESI TENGAH;MOROWALI UTARA ;0.21;19.0;0.05;0.02;0.13;44.2728888717331;43.43877314500792
7271;SULAWESI TENGAH;PALU KOTA;8.76;16.84;0.1;1.4;0.19;54.6790254303027;46.48005381300324
7301;SULAWESI SELATAN;KEPULAUAN SELAYAR ;1.46;25.55;0.02;0.54;0.39;43.907974470604;49.93858438580756
7302;SULAWESI SELATAN;BULUKUMBA ;1.0;19.03;0.27;0.5;0.03;43.1450251417361;44.441671901401584
7303;SULAWESI SELATAN;BANTAENG ;0.58;21.2;0.32;0.45;0.47;46.4864603298411;47.83187272829273
7304;SULAWESI SELATAN;JENEPONTO ;0.21;22.95;0.46;0.12;0.01;42.7770618760187;44.203174711520695
7305;SULAWESI SELATAN;TAKALAR ;0.03;29.65;0.46;0.17;0.1;44.07401376314;47.974976723720026
7306;SULAWESI SELATAN;GOWA ;1.28;16.25;0.29;0.36;0.0;44.12726090571;42.27061214761909
7307;SULAWESI SELATAN;SINJAI ;1.61;20.95;0.21;0.21;0.35;46.7833926496562;45.770943902352045
7308;SULAWESI SELATAN;MAROS ;0.14;18.75;0.41;0.8;0.01;47.136364275799;45.60628466613676
7309;SULAWESI SELATAN;PANGKAJENE DAN KEPULAUAN ;0.16;23.09;0.26;0.2;0.02;41.4542086261063;45.060849051256284
7310;SULAWESI SELATAN;BARRU ;0.05;24.74;0.23;0.42;0.01;46.1824407018525;46.83055042603473
7311;SULAWESI SELATAN;BONE ;0.1;15.65;0.4;0.17;0.08;41.1758909921856;41.77888121110241
7312;SULAWESI SELATAN;SOPPENG ;0.08;19.77;0.24;0.25;0.01;48.9679879939884;43.83127112668705
7313;SULAWESI SELATAN;WAJO ;0.05;19.95;0.24;0.09;0.0;42.1946260633848;43.120933999977446
7314;SULAWESI SELATAN;SIDENRENG RAPPANG ;0.06;21.19;0.28;0.41;0.03;47.0764376654126;45.25055586840665
7315;SULAWESI SELATAN;PINRANG ;0.03;21.97;0.62;0.54;0.11;45.3140154735306;46.08354865621983
7316;SULAWESI SELATAN;ENREKANG ;0.14;19.27;0.05;0.0;0.01;46.4207930805875;42.77133063726073
7317;SULAWESI SELATAN;LUWU ;0.08;16.25;0.26;0.14;0.29;44.025947259137;43.40868086520421
7318;SULAWESI SELATAN;TANA TORAJA ;0.09;19.77;0.05;0.04;0.0;41.6984355385651;43.132043489143136
7322;SULAWESI SELATAN;LUWU UTARA ;0.43;17.98;0.42;0.2;0.11;42.622051690995;42.9840964570155
7325;SULAWESI SELATAN;LUWU TIMUR ;0.36;23.43;0.25;0.26;0.05;47.4193819451937;45.622047684559945
7326;SULAWESI SELATAN;TORAJA UTARA ;0.22;13.79;0.14;0.21;0.04;43.9608545038675;41.326142940897384
7371;SULAWESI SELATAN;MAKASSAR KOTA;0.25;11.55;0.39;0.84;0.05;52.4659271648452;42.86234724043477
7372;SULAWESI SELATAN;PAREPARE KOTA;0.15;26.58;0.1;1.08;0.07;52.5867266287884;51.24461209948909
7373;SULAWESI SELATAN;PALOPO KOTA;0.62;23.87;0.13;0.9;0.16;51.6280754859782;49.55858315337418
7401;SULAWESI TENGGARA;BUTON ;0.12;12.74;0.09;0.19;0.01;42.6971599165376;40.71167570906571
7402;SULAWESI TENGGARA;MUNA ;0.01;16.33;0.43;0.07;0.02;48.4433887939037;41.23354238270059
7403;SULAWESI TENGGARA;KONAWE ;0.08;14.81;1.11;0.36;0.07;44.5659803858177;40.98652378612235
7404;SULAWESI TENGGARA;KOLAKA ;0.07;20.65;0.37;0.39;0.26;45.1146664063559;46.1308663956742
7405;SULAWESI TENGGARA;KONAWE SELATAN ;0.55;9.9;0.09;0.12;0.01;41.2719710879026;39.005087775506325
7406;SULAWESI TENGGARA;BOMBANA ;0.75;14.27;0.07;0.16;0.01;43.309804114259;41.085896754422976
7407;SULAWESI TENGGARA;WAKATOBI ;2.44;19.12;0.41;0.88;0.02;48.7343686661811;45.48439572035232
7408;SULAWESI TENGGARA;KOLAKA UTARA ;0.07;15.2;0.17;0.44;0.01;50.2155651148607;42.82419927519542
7409;SULAWESI TENGGARA;BUTON UTARA ;0.09;11.13;0.15;0.25;0.08;46.0328334890411;40.60176904426904
7410;SULAWESI TENGGARA;KONAWE UTARA ;0.17;8.15;0.38;0.03;0.06;41.623173267914;37.72593332859398
7411;SULAWESI TENGGARA;KOLAKA TIMUR ;0.22;12.15;0.11;0.0;0.02;40.2427633744961;39.567685772079024
7412;SULAWESI TENGGARA;KONAWE KEPULAUAN ;0.12;11.79;0.15;0.04;0.01;40.9195901021862;39.495227721710144
7413;SULAWESI TENGGARA;MUNA BARAT ;0.08;19.98;0.2;0.0;0.06;47.6649089159385;43.13705896478105
7414;SULAWESI TENGGARA;BUTON TENGAH ;0.1;15.63;0.12;0.06;0.02;43.2428722652469;41.39590210541983
7415;SULAWESI TENGGARA;BUTON SELATAN ;0.2;14.89;0.05;0.07;0.02;44.5916267037833;41.20839313901634
7471;SULAWESI TENGGARA;KENDARI KOTA;0.06;19.13;0.06;0.99;0.07;51.9673025016638;47.648732865329904
7472;SULAWESI TENGGARA;BAUBAU KOTA;0.06;18.71;0.1;0.71;0.04;56.4760272450329;45.92111991473696
7501;GORONTALO;BOALEMO ;0.14;15.87;0.09;0.03;0.04;46.5021850787578;41.52244832683336
7502;GORONTALO;GORONTALO ;0.1;16.17;0.32;0.19;0.01;44.5011890644476;41.823204337772154
7503;GORONTALO;POHUWATO ;0.95;15.19;0.12;0.36;0.04;48.9010259513152;42.44374566011804
7504;GORONTALO;BONE BOLANGO ;0.07;18.97;0.05;0.28;0.01;48.0825286844284;43.954691412461756
7505;GORONTALO;GORONTALO UTARA ;0.13;20.9;0.2;0.09;0.01;46.3121641890309;43.644027234512414
7571;GORONTALO;GORONTALO KOTA;0.06;25.64;0.09;0.73;0.01;51.1206033283973;48.90163894816961
7601;SULAWESI BARAT;MAJENE ;0.15;16.38;0.24;0.29;0.19;44.7592921300431;43.57599519261403
7602;SULAWESI BARAT;POLEWALI MANDAR ;0.04;21.55;0.2;0.51;0.16;42.5181896576713;46.792923395971926
7603;SULAWESI BARAT;MAMASA ;0.63;15.42;0.07;0.06;0.06;36.5528601085696;41.46532898091447
7604;SULAWESI BARAT;MAMUJU ;0.04;19.53;0.39;0.6;0.13;39.7724373091284;45.807231261687946
7606;SULAWESI BARAT;MAMUJU TENGAH ;0.32;16.88;0.08;0.27;0.05;42.4411851037829;43.0970433117752
8102;MALUKU;MALUKU TENGGARA ;0.26;12.85;0.05;0.45;0.02;37.6413338907229;42.04775411819291
8103;MALUKU;MALUKU TENGAH ;0.32;13.96;0.14;0.18;0.01;44.9679469644118;41.052408823592806
8104;MALUKU;BURU ;0.01;10.56;0.24;0.29;0.02;41.3927564800666;40.04471163172774
8105;MALUKU;KEPULAUAN ARU ;0.23;16.01;0.16;0.34;0.13;28.5157448362801;43.40208998598527
8106;MALUKU;SERAM BAGIAN BARAT ;0.06;13.17;0.1;0.04;0.01;38.0225507993652;40.208927508758194
8107;MALUKU;SERAM BAGIAN TIMUR ;0.14;14.62;0.38;0.13;0.06;33.7377982120856;41.044289787115154
8108;MALUKU;MALUKU BARAT DAYA ;0.28;10.7;0.11;0.08;0.05;35.3734668357038;39.45951642446919
8109;MALUKU;BURU SELATAN ;0.17;12.29;0.24;0.02;0.16;31.3308133812548;40.343706731112015
8171;MALUKU;AMBON KOTA;0.46;8.13;0.04;2.2;0.09;57.1660693687718;48.42895682780635
8172;MALUKU;TUAL KOTA;0.06;14.1;0.17;1.86;0.03;42.5294092131279;49.02314351482551
8201;MALUKU UTARA;HALMAHERA BARAT ;0.55;12.44;0.08;0.09;0.07;41.0503511721927;40.35952723284678
8202;MALUKU UTARA;HALMAHERA TENGAH ;0.11;12.23;0.24;0.23;0.06;43.2131573778742;40.70984640156338
8203;MALUKU UTARA;KEPULAUAN SULA ;0.2;14.36;0.23;0.45;0.02;36.4358165515573;42.414657557572
8204;MALUKU UTARA;HALMAHERA SELATAN ;0.07;15.2;0.09;0.48;0.19;33.2882546012299;44.22289412874379
8205;MALUKU UTARA;HALMAHERA UTARA ;1.08;21.01;0.11;0.48;0.26;40.1664942576099;46.84827426767423
8206;MALUKU UTARA;HALMAHERA TIMUR ;0.09;13.98;0.65;0.18;0.13;43.3617137465759;40.9523537124506
8207;MALUKU UTARA;PULAU MOROTAI ;0.76;19.78;0.07;0.64;0.0;41.8851993651919;45.66542914235907
8208;MALUKU UTARA;PULAU TALIABU ;0.5;5.96;0.17;0.13;0.01;30.5359196302431;37.19254839124545
8271;MALUKU UTARA;TERNATE KOTA;0.16;10.15;0.23;1.78;0.08;52.807295395988;47.07711633930704
8272;MALUKU UTARA;TIDORE KEPULAUAN KOTA;0.09;17.63;0.13;0.58;0.04;49.224610990323;44.78325381196355
9101;PAPUA BARAT;FAKFAK ;0.16;15.59;0.54;0.14;0.15;38.1911070133248;41.76675661575352
9102;PAPUA BARAT;KAIMANA ;0.04;11.37;0.03;0.2;0.05;31.3482314919357;40.52377913860081
9103;PAPUA BARAT;TELUK WONDAMA ;2.12;10.74;0.65;0.54;0.05;34.1437912275052;40.08270732014306
9104;PAPUA BARAT;TELUK BINTUNI ;3.22;11.71;0.36;0.48;0.04;33.4318600048966;40.340641235577735
9105;PAPUA BARAT;MANOKWARI ;0.09;13.43;0.07;1.41;0.02;40.7755481517709;46.755960101967034
9106;PAPUA BARAT;SORONG SELATAN ;0.18;12.4;0.59;0.3;0.22;29.7957735195208;41.42565396791704
9108;PAPUA BARAT;RAJA AMPAT ;0.85;16.46;0.13;0.84;0.06;29.1256516626194;45.35300245813436
9109;PAPUA BARAT;TAMBRAUW ;0.99;25.91;0.29;0.56;0.01;24.1118973753366;47.59503507183236
9110;PAPUA BARAT;MAYBRAT ;0.02;18.65;0.11;0.02;0.02;34.4618418244402;42.582401017566426
9111;PAPUA BARAT;MANOKWARI SELATAN ;0.03;8.62;0.03;0.13;0.02;36.228925263602;38.81448085467738
9171;PAPUA BARAT;SORONG KOTA;0.11;19.7;0.47;1.29;0.33;48.3761148458726;50.10032108668186
9401;PAPUA;MERAUKE ;0.05;16.8;0.44;0.37;0.12;36.0885725119253;43.39273778864394
9402;PAPUA;JAYAWIJAYA ;0.01;18.9;0.4;0.53;0.03;25.4742142845228;44.60203056488087
9403;PAPUA;JAYAPURA ;8.66;12.42;0.26;0.35;0.19;40.2857917934003;39.43393463802342
9404;PAPUA;NABIRE ;0.45;17.78;0.24;0.13;0.06;36.2309265055919;42.58448774388129
9409;PAPUA;BIAK NUMFOR ;0.82;16.71;0.16;1.15;0.02;38.2220970957798;46.61334910172798
9410;PAPUA;PANIAI ;0.03;14.61;0.04;0.37;0.03;15.3099179539541;42.60119552406884
9411;PAPUA;PUNCAK JAYA ;1.51;12.71;0.2;0.0;0.09;15.3413408628406;39.67300822986129
9412;PAPUA;MIMIKA ;0.04;12.72;0.3;0.66;0.13;30.5600431127894;43.24588678323843
9414;PAPUA;MAPPI ;0.01;21.39;0.84;0.13;0.11;22.3892222399126;43.55383828192315
9415;PAPUA;ASMAT ;0.4;18.31;0.45;0.01;0.01;15.7508936622277;41.611780947366995
9417;PAPUA;PEGUNUNGAN BINTANG ;0.57;12.77;0.19;0.51;0.16;16.5548185524522;42.782460100354825
9419;PAPUA;SARMI ;1.14;11.16;0.46;0.26;0.09;33.8137921665343;39.85034836561986
9420;PAPUA;KEEROM ;0.42;10.86;0.79;0.06;0.37;33.1506556222288;40.107831359025525
9427;PAPUA;SUPIORI ;0.6;10.5;0.29;0.63;0.07;38.5901614026384;41.616349778746
9430;PAPUA;LANNY JAYA ;0.05;15.75;0.07;0.07;0.02;15.2033042861871;41.59825472404084
9431;PAPUA;MAMBERAMO TENGAH ;0.07;7.28;0.2;0.11;0.11;23.7310647790369;38.35808790921001
9432;PAPUA;YALIMO ;1.68;6.62;0.33;0.46;0.02;19.362081515251;38.41992412196352
9471;PAPUA;JAYAPURA KOTA;0.22;10.5;0.2;0.29;0.08;51.4012090240476;40.381173096759255
