idkab;adap_score;persen_anggaran_bencana;persen_anggaran_kesehatan;persen_anggaran_pangan;persen_anggaran_sampah;persen_anggaran_lh;persen_anggaran_jalan;nmprov;nmkab
1101;47.8101251452798;0.12;17.33;0.07;0.2;0.05;;ACEH;SIMEULUE 
1102;44.6714349996255;0.03;14.31;0.33;0.09;0.22;5.41;ACEH;ACEH SINGKIL 
1103;47.071633378871;0.5;18.72;0.19;0.04;0.16;3.4;ACEH;ACEH SELATAN 
1104;45.7163024790568;0.64;15.11;0.26;0.04;;6.15;ACEH;ACEH TENGGARA 
1105;40.4625894901246;0.07;16.18;0.19;0.51;0.02;6.01;ACEH;ACEH TIMUR 
1106;49.1400292861695;0.07;20.59;0.25;0.53;0.08;3.57;ACEH;ACEH TENGAH 
1107;43.106285133563;0.12;16.46;0.11;0.42;0.03;;ACEH;ACEH BARAT 
1108;49.8578183404333;0.18;13.81;0.32;0.34;0.0;;ACEH;ACEH BESAR 
1109;42.8234360078995;0.03;20.64;0.06;0.31;0.06;;ACEH;PIDIE 
1110;45.1117173375351;0.13;16.42;0.18;0.51;0.01;5.24;ACEH;BIREUEN 
1111;39.1704108157787;0.75;15.88;0.09;0.31;0.04;;ACEH;ACEH UTARA 
1112;47.9199914143652;0.12;18.44;0.06;0.22;0.0;;ACEH;ACEH BARAT DAYA 
1113;47.1302170697274;0.02;15.13;0.3;0.2;0.06;;ACEH;GAYO LUES 
1114;48.1584403668465;0.17;16.02;0.31;0.11;0.08;;ACEH;ACEH TAMIANG 
1115;47.6931269199219;0.04;17.52;0.06;0.13;0.02;;ACEH;NAGAN RAYA 
1116;47.3623466161331;0.23;16.82;0.08;0.72;0.01;3.98;ACEH;ACEH JAYA 
1117;48.4701113448921;0.26;15.43;0.05;0.01;0.08;;ACEH;BENER MERIAH 
1118;45.2340990046674;0.16;22.14;0.14;0.1;;;ACEH;PIDIE JAYA 
1171;60.9851895056001;0.55;15.1;0.01;0.42;0.05;;ACEH;BANDA ACEH KOTA
1172;61.3238949371455;0.23;15.53;0.16;0.92;0.09;;ACEH;SABANG KOTA
1173;55.0913549400454;0.56;25.05;0.06;0.38;0.05;;ACEH;LANGSA KOTA
1174;53.0159902940442;1.51;11.79;0.07;0.35;0.17;;ACEH;LHOKSEUMAWE KOTA
1175;45.0608873018779;0.04;16.74;0.04;0.41;0.28;;ACEH;SUBULUSSALAM KOTA
1201;34.6130027346525;0.04;25.78;0.02;0.16;0.02;;SUMATERA UTARA;NIAS 
1202;37.9304296142713;0.07;11.59;0.1;0.23;0.04;3.18;SUMATERA UTARA;MANDAILING NATAL 
1203;40.2054153968433;0.26;13.28;0.2;0.03;0.04;;SUMATERA UTARA;TAPANULI SELATAN 
1204;43.5967759831403;0.26;16.65;0.06;0.63;0.02;;SUMATERA UTARA;TAPANULI TENGAH 
1205;44.2998183836316;0.04;16.9;0.22;0.06;0.04;;SUMATERA UTARA;TAPANULI UTARA 
1206;49.0733494623172;0.1;16.11;0.07;0.5;0.1;;SUMATERA UTARA;TOBA 
1207;42.9980948874653;0.41;20.17;0.1;0.57;0.05;6.61;SUMATERA UTARA;LABUHAN BATU 
1208;44.1677143594398;0.12;12.66;0.19;0.03;0.29;;SUMATERA UTARA;ASAHAN 
1209;43.6317323944861;0.03;12.18;0.14;0.3;0.1;;SUMATERA UTARA;SIMALUNGUN 
1210;43.7034947088151;0.24;16.86;0.08;0.33;0.1;6.83;SUMATERA UTARA;DAIRI 
1211;49.1017318790805;0.05;14.93;0.35;1.0;0.03;;SUMATERA UTARA;KARO 
1212;45.5479160117637;0.05;15.75;0.11;0.96;0.13;;SUMATERA UTARA;DELI SERDANG 
1213;43.2145812813526;0.03;16.45;0.02;0.08;0.13;;SUMATERA UTARA;LANGKAT 
1214;29.8146188233893;0.0;9.01;0.08;0.01;0.0;3.31;SUMATERA UTARA;NIAS SELATAN 
1215;45.4940687692504;0.14;15.99;0.5;0.36;0.04;;SUMATERA UTARA;HUMBANG HASUNDUTAN 
1216;48.5820519099514;0.12;14.68;0.28;0.71;;5.34;SUMATERA UTARA;PAKPAK BHARAT 
1217;47.114729007609;0.13;12.77;0.11;0.33;0.01;7.93;SUMATERA UTARA;SAMOSIR 
1218;43.4809014976852;0.03;13.43;0.21;0.09;0.09;6.35;SUMATERA UTARA;SERDANG BEDAGAI 
1219;43.5849352287507;0.2;12.34;0.09;0.64;0.03;;SUMATERA UTARA;BATU BARA 
1220;33.9662605300258;1.05;11.96;0.14;0.17;0.04;;SUMATERA UTARA;PADANG LAWAS UTARA 
1221;38.1079258116031;0.02;12.87;0.03;0.25;0.16;5.01;SUMATERA UTARA;PADANG LAWAS 
1222;43.6672453506232;3.33;17.41;0.06;0.44;0.01;10.5;SUMATERA UTARA;LABUHAN BATU SELATAN 
1223;43.3431817879435;0.19;15.9;0.02;0.47;0.02;4.71;SUMATERA UTARA;LABUHAN BATU UTARA 
1224;39.5932924530792;0.06;9.13;0.09;0.33;0.05;;SUMATERA UTARA;NIAS UTARA 
1225;39.7282434782064;0.03;16.19;0.07;0.01;0.05;4.13;SUMATERA UTARA;NIAS BARAT 
1271;56.7612193025389;0.0;18.71;0.04;0.45;0.05;;SUMATERA UTARA;SIBOLGA KOTA
1272;49.0525261414965;0.02;19.38;0.08;0.18;0.23;3.39;SUMATERA UTARA;TANJUNG BALAI KOTA
1273;53.5783918048167;0.04;20.99;0.05;2.09;0.1;;SUMATERA UTARA;PEMATANG SIANTAR KOTA
1274;53.4722528613056;1.9;25.42;0.1;1.22;0.12;;SUMATERA UTARA;TEBING TINGGI KOTA
1275;52.9120813464781;0.16;14.33;0.18;0.34;0.09;;SUMATERA UTARA;MEDAN KOTA
1276;51.5134764244758;0.73;20.79;0.1;0.67;0.07;2.16;SUMATERA UTARA;BINJAI KOTA
1277;49.6755988642391;0.41;14.62;0.13;0.66;0.08;;SUMATERA UTARA;PADANGSIDIMPUAN KOTA
1278;44.5676647237589;0.51;9.89;0.1;0.89;0.02;;SUMATERA UTARA;GUNUNGSITOLI KOTA
1301;38.4204986976264;0.41;15.56;0.2;0.17;0.07;5.36;SUMATERA BARAT;KEPULAUAN MENTAWAI 
1302;48.3535960422558;0.55;15.71;0.44;0.54;0.3;;SUMATERA BARAT;PESISIR SELATAN 
1303;45.2270328731758;0.19;14.61;0.18;0.15;0.03;4.81;SUMATERA BARAT;SOLOK 
1304;46.5285531529188;0.18;20.84;0.07;0.25;0.15;3.42;SUMATERA BARAT;SIJUNJUNG 
1305;51.6123079770229;0.07;16.58;0.26;0.36;0.01;;SUMATERA BARAT;TANAH DATAR 
1306;47.5203243203406;0.11;15.12;0.04;0.03;0.13;;SUMATERA BARAT;PADANG PARIAMAN 
1307;43.0589231397685;0.97;16.62;0.04;0.26;0.06;;SUMATERA BARAT;AGAM 
1308;49.3192690029002;0.06;12.89;0.36;0.11;0.13;;SUMATERA BARAT;LIMA PULUH KOTA 
1309;46.4876974488088;0.14;20.74;0.3;0.37;0.07;6.67;SUMATERA BARAT;PASAMAN 
1310;49.5196522091083;2.59;25.92;0.16;0.24;0.07;;SUMATERA BARAT;SOLOK SELATAN 
1311;53.2803497587593;2.7;18.25;0.11;0.06;0.02;4.48;SUMATERA BARAT;DHARMASRAYA 
1312;47.1734723907517;0.29;17.34;0.14;0.14;0.02;;SUMATERA BARAT;PASAMAN BARAT 
1371;52.6386982564443;0.0;12.73;;;;;SUMATERA BARAT;PADANG KOTA
1372;58.2678789580502;0.23;10.51;0.14;1.01;0.14;2.32;SUMATERA BARAT;SOLOK KOTA
1373;54.401221291611;0.0;17.1;;;;;SUMATERA BARAT;SAWAH LUNTO KOTA
1374;58.5712488608594;0.28;23.94;0.09;1.31;0.11;1.79;SUMATERA BARAT;PADANG PANJANG KOTA
1375;62.422552310005;0.22;12.59;0.15;1.92;0.05;;SUMATERA BARAT;BUKITTINGGI KOTA
1376;56.005209343069;0.41;21.98;0.13;0.9;0.26;;SUMATERA BARAT;PAYAKUMBUH KOTA
1377;58.3660468179572;0.25;12.55;0.13;0.45;0.58;6.21;SUMATERA BARAT;PARIAMAN KOTA
1401;46.9841727875621;0.14;14.53;0.11;0.35;0.06;3.33;RIAU;KUANTAN SINGINGI 
1402;42.9938006091772;0.09;16.09;0.14;0.33;0.06;;RIAU;INDRAGIRI HULU 
1403;32.2670863788658;0.48;16.16;0.11;0.41;0.01;;RIAU;INDRAGIRI HILIR 
1404;42.9003412440031;0.09;10.87;0.55;0.76;0.1;;RIAU;PELALAWAN 
1405;50.3644030472294;0.06;15.27;0.04;0.7;0.01;;RIAU;S I A K 
1406;45.9794294960043;0.53;15.08;0.2;0.12;0.04;4.71;RIAU;KAMPAR 
1407;43.7924216858922;0.02;12.14;0.02;0.37;0.06;1.26;RIAU;ROKAN HULU 
1408;47.5751123371333;0.2;13.71;0.11;0.53;0.12;;RIAU;BENGKALIS 
1409;42.144326263768;0.14;11.28;0.0;0.81;0.12;;RIAU;ROKAN HILIR 
1410;37.2342294737193;0.05;16.11;0.03;0.29;0.1;;RIAU;KEPULAUAN MERANTI 
1471;54.8616689635075;0.29;9.27;0.18;4.27;0.11;;RIAU;PEKANBARU KOTA
1473;51.4973037874161;0.09;26.28;0.17;0.43;0.07;4.27;RIAU;D U M A I KOTA
1501;46.7809647148176;0.66;9.54;0.04;0.28;0.15;;JAMBI;KERINCI 
1502;42.5963208253441;0.41;17.13;0.1;0.34;0.06;1.17;JAMBI;MERANGIN 
1503;43.5523603897988;0.04;18.41;0.07;0.01;0.04;;JAMBI;SAROLANGUN 
1504;43.5205883092448;0.04;15.5;0.33;0.22;0.06;;JAMBI;BATANG HARI 
1505;43.4675429634143;0.29;13.7;0.14;0.14;0.24;;JAMBI;MUARO JAMBI 
1506;37.7541261414475;0.29;12.11;0.61;0.06;0.43;;JAMBI;TANJUNG JABUNG TIMUR 
1507;39.0559264916049;0.15;14.37;0.43;0.47;0.13;4.44;JAMBI;TANJUNG JABUNG BARAT 
1508;41.0272233984671;0.15;18.31;0.07;0.26;0.01;;JAMBI;TEBO 
1509;45.4575053931699;0.74;18.45;0.04;0.53;0.02;;JAMBI;BUNGO 
1571;52.1435918402339;0.08;14.91;0.1;1.81;0.12;;JAMBI;JAMBI KOTA
1572;57.5618636094455;0.33;19.49;0.16;0.72;0.32;3.37;JAMBI;SUNGAI PENUH KOTA
1601;45.550738892438;0.19;12.57;0.12;0.16;0.11;;SUMATERA SELATAN;OGAN KOMERING ULU 
1602;37.459781307314;0.09;12.99;0.19;0.2;0.14;;SUMATERA SELATAN;OGAN KOMERING ILIR 
1603;44.1709840795326;0.17;17.1;0.52;0.2;0.1;;SUMATERA SELATAN;MUARA ENIM 
1604;44.4263058440145;0.11;15.95;0.09;0.18;0.05;;SUMATERA SELATAN;LAHAT 
1605;40.8697408928296;0.03;14.79;0.32;0.14;0.15;;SUMATERA SELATAN;MUSI RAWAS 
1606;40.8780723326917;0.4;18.69;0.37;0.83;0.12;;SUMATERA SELATAN;MUSI BANYUASIN 
1607;35.8370963463383;1.23;11.34;0.19;0.23;0.15;;SUMATERA SELATAN;BANYU ASIN 
1608;36.3875109488568;0.02;12.13;0.09;;0.02;;SUMATERA SELATAN;OGAN KOMERING ULU SELATAN 
1609;40.963671696747;0.59;16.19;0.52;0.18;0.02;4.88;SUMATERA SELATAN;OGAN KOMERING ULU TIMUR 
1610;40.9200401791956;0.65;12.3;0.23;0.28;0.08;;SUMATERA SELATAN;OGAN ILIR 
1611;37.1734565756896;0.13;14.72;0.08;0.28;0.1;;SUMATERA SELATAN;EMPAT LAWANG 
1612;42.8033886650074;0.37;12.11;0.17;0.04;0.18;;SUMATERA SELATAN;PENUKAL ABAB LEMATANG ILIR 
1613;37.5957333608499;0.07;12.71;0.66;0.05;0.08;8.32;SUMATERA SELATAN;MUSI RAWAS UTARA 
1671;50.3347678425306;0.01;14.85;0.02;1.52;0.03;;SUMATERA SELATAN;PALEMBANG KOTA
1672;50.8870886548102;0.02;18.41;0.1;0.0;0.03;;SUMATERA SELATAN;PRABUMULIH KOTA
1673;47.881982411917;0.01;20.28;0.13;0.01;0.05;;SUMATERA SELATAN;PAGAR ALAM KOTA
1674;48.3645408851328;0.05;17.74;0.13;0.54;0.02;;SUMATERA SELATAN;LUBUKLINGGAU KOTA
1701;49.4009483166375;0.66;15.68;0.4;0.04;0.02;3.66;BENGKULU;BENGKULU SELATAN 
1702;45.7209742694037;0.12;20.51;0.12;0.64;0.02;3.65;BENGKULU;REJANG LEBONG 
1703;47.1284942339497;0.62;16.25;0.01;0.24;0.04;1.55;BENGKULU;BENGKULU UTARA 
1704;42.5703014014118;1.22;13.81;0.18;0.13;0.05;;BENGKULU;KAUR 
1705;44.6828925860597;0.05;14.02;0.02;0.01;0.0;;BENGKULU;SELUMA 
1706;49.7766311904523;0.12;15.86;0.15;0.15;0.04;2.58;BENGKULU;MUKOMUKO 
1707;44.6014779984783;0.08;13.85;0.31;0.21;0.5;;BENGKULU;LEBONG 
1708;44.4856175947875;0.07;16.28;0.08;0.66;0.05;7.78;BENGKULU;KEPAHIANG 
1709;45.5578203357221;0.05;14.35;0.06;0.07;0.02;6.42;BENGKULU;BENGKULU TENGAH 
1771;55.8969946719598;0.15;15.66;0.08;0.37;0.13;;BENGKULU;BENGKULU KOTA
1801;42.4404164304592;1.0;17.15;0.17;0.23;0.09;;LAMPUNG;LAMPUNG BARAT 
1802;41.7951648320186;0.4;12.63;0.24;0.08;0.02;;LAMPUNG;TANGGAMUS 
1803;41.0980629942983;0.36;16.52;0.2;0.04;0.12;5.25;LAMPUNG;LAMPUNG SELATAN 
1804;40.8195861026712;0.16;11.92;0.31;0.1;0.05;;LAMPUNG;LAMPUNG TIMUR 
1805;42.2102564875602;0.11;11.32;0.36;0.04;0.09;7.22;LAMPUNG;LAMPUNG TENGAH 
1806;40.3190015235753;0.4;12.57;0.04;0.34;0.06;;LAMPUNG;LAMPUNG UTARA 
1807;41.0491120702265;0.12;14.34;0.08;0.11;0.07;6.5;LAMPUNG;WAY KANAN 
1808;37.5033885359349;0.1;15.62;0.43;0.17;0.06;;LAMPUNG;TULANGBAWANG 
1809;41.0414282937185;0.37;8.99;0.13;0.07;0.04;5.61;LAMPUNG;PESAWARAN 
1810;42.302958648472;0.05;15.19;0.47;0.13;0.14;3.91;LAMPUNG;PRINGSEWU 
1811;37.2811444987665;0.1;17.97;0.76;0.03;0.03;5.03;LAMPUNG;MESUJI 
1812;41.8328441345563;0.07;10.5;0.09;0.17;0.07;;LAMPUNG;TULANG BAWANG BARAT 
1813;41.4466011574304;0.04;9.38;0.09;0.21;0.0;12.56;LAMPUNG;PESISIR BARAT 
1871;51.3414655719251;0.42;14.42;0.02;0.05;0.01;;LAMPUNG;BANDAR LAMPUNG KOTA
1872;54.5848717886523;0.07;31.22;0.12;0.14;0.03;2.38;LAMPUNG;METRO KOTA
1901;45.0484006832202;0.09;17.7;0.02;0.6;0.07;8.37;KEPULAUAN BANGKA BELITUNG;BANGKA 
1902;48.9508612643927;0.23;22.08;0.1;0.69;0.13;8.03;KEPULAUAN BANGKA BELITUNG;BELITUNG 
1903;41.5994808484888;0.07;18.23;0.13;1.33;0.12;;KEPULAUAN BANGKA BELITUNG;BANGKA BARAT 
1904;43.6028428938199;0.5;19.02;0.13;0.17;0.08;;KEPULAUAN BANGKA BELITUNG;BANGKA TENGAH 
1905;40.3702745032028;0.03;19.03;0.06;0.38;0.02;;KEPULAUAN BANGKA BELITUNG;BANGKA SELATAN 
1906;49.6202524935252;0.52;11.14;0.11;0.75;0.13;;KEPULAUAN BANGKA BELITUNG;BELITUNG TIMUR 
1971;51.3301183292097;0.49;19.35;0.04;1.69;0.15;3.53;KEPULAUAN BANGKA BELITUNG;PANGKALPINANG KOTA
2101;44.8081812697778;0.06;17.07;0.12;0.13;0.04;;KEPULAUAN RIAU;KARIMUN 
2102;52.1292538673928;0.21;16.64;0.07;1.23;0.01;;KEPULAUAN RIAU;BINTAN 
2103;49.9936799220652;0.07;17.87;0.18;0.26;0.02;6.2;KEPULAUAN RIAU;NATUNA 
2104;45.7161372124359;0.09;15.98;0.06;0.35;0.05;;KEPULAUAN RIAU;LINGGA 
2105;48.6539472160439;0.07;17.02;0.15;0.28;0.02;;KEPULAUAN RIAU;KEPULAUAN ANAMBAS 
2171;48.7191318493412;0.0;11.46;0.04;2.87;0.04;6.9;KEPULAUAN RIAU;B A T A M KOTA
2172;54.2472768955736;0.77;21.11;0.09;0.81;0.03;3.42;KEPULAUAN RIAU;TANJUNG PINANG KOTA
3101;45.4161059821728;;;;;;;DKI JAKARTA;KEPULAUAN SERIBU 
3171;59.3031219049252;;;;;;;DKI JAKARTA;JAKARTA SELATAN KOTA
3172;58.1916656244429;;;;;;;DKI JAKARTA;JAKARTA TIMUR KOTA
3173;57.8347957965335;;;;;;;DKI JAKARTA;JAKARTA PUSAT KOTA
3174;59.7228456756907;;;;;;;DKI JAKARTA;JAKARTA BARAT KOTA
3175;58.566872432581;;;;;;;DKI JAKARTA;JAKARTA UTARA KOTA
3201;40.8129039931528;0.85;16.48;0.12;0.77;0.1;;JAWA BARAT;BOGOR 
3202;39.3967671016761;0.07;17.39;0.18;0.31;0.09;;JAWA BARAT;SUKABUMI 
3203;36.2876605312313;0.77;24.03;0.16;0.22;0.08;3.55;JAWA BARAT;CIANJUR 
3204;44.3733338477593;0.17;19.24;0.19;0.65;0.09;;JAWA BARAT;BANDUNG 
3205;38.4991117949059;0.3;15.73;0.3;0.34;0.05;;JAWA BARAT;GARUT 
3206;38.8100605215208;0.11;12.75;0.08;0.03;0.0;2.0;JAWA BARAT;TASIKMALAYA 
3207;43.2541620541511;0.0;14.0;;;;;JAWA BARAT;CIAMIS 
3208;44.4289409365597;0.11;16.85;0.19;0.06;0.03;;JAWA BARAT;KUNINGAN 
3209;42.9612155991647;0.12;22.31;0.04;0.54;0.05;;JAWA BARAT;CIREBON 
3210;43.8122947661136;0.08;26.76;0.08;0.13;0.04;;JAWA BARAT;MAJALENGKA 
3211;44.1023713925043;0.1;16.85;0.19;0.18;0.01;2.99;JAWA BARAT;SUMEDANG 
3212;42.7900849507113;0.07;19.63;0.35;0.64;0.1;;JAWA BARAT;INDRAMAYU 
3213;43.3449406703138;0.1;13.61;0.04;0.39;0.04;;JAWA BARAT;SUBANG 
3214;39.5649757568739;0.46;14.64;0.05;0.09;0.12;;JAWA BARAT;PURWAKARTA 
3215;43.5996324597493;0.23;15.99;0.23;0.57;0.14;4.57;JAWA BARAT;KARAWANG 
3216;47.2025986388466;0.36;14.57;0.08;1.47;0.15;;JAWA BARAT;BEKASI 
3217;39.4266126808804;0.19;11.28;0.1;0.97;0.07;6.29;JAWA BARAT;BANDUNG BARAT 
3218;45.9587051435619;0.29;19.76;0.5;0.33;0.02;;JAWA BARAT;PANGANDARAN 
3271;51.4979772086458;0.1;17.88;0.01;0.86;0.22;;JAWA BARAT;BOGOR KOTA
3272;48.5016952389032;0.09;36.07;0.08;0.26;0.05;;JAWA BARAT;SUKABUMI KOTA
3273;57.254268117538;0.56;18.22;0.1;1.97;0.09;;JAWA BARAT;BANDUNG KOTA
3274;56.6097640908969;0.19;32.03;0.13;0.86;0.02;;JAWA BARAT;CIREBON KOTA
3275;57.0716953751491;0.13;17.81;0.03;2.86;0.13;3.23;JAWA BARAT;BEKASI KOTA
3276;51.8629231579795;0.0;15.56;;;;;JAWA BARAT;DEPOK KOTA
3277;54.520336837726;0.25;22.54;0.06;1.95;0.23;;JAWA BARAT;CIMAHI KOTA
3278;46.7232979593583;0.15;20.35;0.05;0.87;0.11;1.93;JAWA BARAT;TASIKMALAYA KOTA
3279;50.0299558058881;0.21;28.08;0.1;0.05;0.03;;JAWA BARAT;BANJAR KOTA
3301;41.516925810026;0.18;18.91;0.37;0.23;0.1;;JAWA TENGAH;CILACAP 
3302;46.9983175325202;0.32;19.34;0.16;0.13;0.02;;JAWA TENGAH;BANYUMAS 
3303;42.3220736756168;0.05;17.15;0.31;0.25;0.08;2.57;JAWA TENGAH;PURBALINGGA 
3304;39.4605933005426;0.3;19.57;0.06;0.08;0.01;3.05;JAWA TENGAH;BANJARNEGARA 
3305;44.3133470063359;0.21;17.26;0.46;0.29;0.07;4.23;JAWA TENGAH;KEBUMEN 
3306;43.250852107112;0.24;19.45;0.11;0.43;0.02;;JAWA TENGAH;PURWOREJO 
3307;40.3034456106531;0.46;16.52;0.12;0.32;0.03;;JAWA TENGAH;WONOSOBO 
3308;42.3953469489405;0.08;15.69;0.04;0.41;0.02;;JAWA TENGAH;MAGELANG 
3309;43.1397398694895;0.17;20.24;0.17;0.25;0.07;4.27;JAWA TENGAH;BOYOLALI 
3310;48.0085528538184;0.09;14.31;0.16;0.41;0.07;;JAWA TENGAH;KLATEN 
3311;47.8197916399629;0.05;16.87;0.29;0.52;0.03;6.09;JAWA TENGAH;SUKOHARJO 
3312;43.8011409489249;0.02;19.57;0.24;0.09;0.01;1.88;JAWA TENGAH;WONOGIRI 
3313;46.5918895522702;0.13;18.19;0.06;0.21;0.04;1.92;JAWA TENGAH;KARANGANYAR 
3314;43.4657301014766;0.6;21.5;0.13;0.25;0.02;;JAWA TENGAH;SRAGEN 
3315;43.9499785652871;0.19;16.04;0.35;0.27;0.1;;JAWA TENGAH;GROBOGAN 
3316;41.3213216351514;0.03;15.77;0.13;0.22;0.16;;JAWA TENGAH;BLORA 
3317;43.6434024189939;0.12;15.7;0.19;0.17;0.01;;JAWA TENGAH;REMBANG 
3318;45.7853871771216;0.03;15.52;0.36;0.15;0.0;4.21;JAWA TENGAH;PATI 
3319;46.4931912992498;0.08;21.24;0.18;0.27;0.01;1.03;JAWA TENGAH;KUDUS 
3320;44.6139474112761;0.03;16.18;0.08;0.29;0.14;;JAWA TENGAH;JEPARA 
3321;46.1908035124149;0.49;19.53;0.2;0.09;0.07;;JAWA TENGAH;DEMAK 
3322;46.2469758992183;0.12;20.53;0.28;0.44;0.03;;JAWA TENGAH;SEMARANG 
3323;41.2601702959572;0.14;21.69;0.02;0.29;0.01;;JAWA TENGAH;TEMANGGUNG 
3324;47.6820934973547;0.11;19.29;0.22;0.37;0.13;;JAWA TENGAH;KENDAL 
3325;41.5888266230992;0.05;16.14;0.19;0.16;0.01;;JAWA TENGAH;BATANG 
3326;43.4007682790322;0.06;23.46;0.06;0.17;0.02;;JAWA TENGAH;PEKALONGAN 
3327;40.745865394616;0.12;15.0;0.15;0.21;0.06;;JAWA TENGAH;PEMALANG 
3328;40.4690318165232;0.09;19.09;0.01;0.49;0.17;;JAWA TENGAH;TEGAL 
3329;41.1915095277185;0.1;16.79;0.1;0.19;0.1;;JAWA TENGAH;BREBES 
3371;60.0934994855793;0.1;30.36;0.2;1.06;0.13;2.42;JAWA TENGAH;MAGELANG KOTA
3372;58.7218801990884;0.0;16.94;;;;;JAWA TENGAH;SURAKARTA KOTA
3373;55.0124860532213;0.07;27.3;0.14;0.18;0.15;;JAWA TENGAH;SALATIGA KOTA
3374;54.1196165740219;0.21;16.3;0.07;1.78;0.2;;JAWA TENGAH;SEMARANG KOTA
3375;47.886910514374;0.18;22.18;0.09;0.93;0.18;4.19;JAWA TENGAH;PEKALONGAN KOTA
3376;48.9590968065702;0.05;25.45;0.05;2.17;0.09;5.65;JAWA TENGAH;TEGAL KOTA
3401;48.2647646979857;0.05;20.26;0.1;0.26;0.05;;DI YOGYAKARTA;KULON PROGO 
3402;50.584839780664;0.2;18.65;0.04;0.61;0.26;2.94;DI YOGYAKARTA;BANTUL 
3403;43.9319482716697;0.14;15.96;0.12;0.23;0.07;;DI YOGYAKARTA;GUNUNG KIDUL 
3404;54.0159325311577;0.25;15.48;0.14;0.51;0.1;;DI YOGYAKARTA;SLEMAN 
3471;62.242112622301;0.23;20.91;0.08;0.87;0.06;;DI YOGYAKARTA;YOGYAKARTA KOTA
3501;42.299277164753;0.07;18.43;0.11;0.41;0.03;;JAWA TIMUR;PACITAN 
3502;44.8177588279686;0.41;15.53;0.37;0.15;0.06;;JAWA TIMUR;PONOROGO 
3503;42.0635389872519;1.01;18.28;0.11;0.19;0.06;;JAWA TIMUR;TRENGGALEK 
3504;45.2090355198241;0.23;24.08;0.06;0.11;0.07;3.59;JAWA TIMUR;TULUNGAGUNG 
3505;44.1489527349471;0.29;17.84;0.28;0.2;0.06;;JAWA TIMUR;BLITAR 
3506;44.2526533931087;0.2;19.87;0.16;0.33;0.11;;JAWA TIMUR;KEDIRI 
3507;42.0597153406029;0.09;16.8;0.04;0.24;0.07;;JAWA TIMUR;MALANG 
3508;41.3038193272401;0.1;18.02;0.2;0.37;0.03;5.42;JAWA TIMUR;LUMAJANG 
3509;40.0461457656555;0.08;16.87;0.04;0.28;0.04;;JAWA TIMUR;JEMBER 
3510;46.3505230161162;0.09;16.77;0.1;0.41;0.12;;JAWA TIMUR;BANYUWANGI 
3511;38.5864002178777;0.14;19.65;0.04;0.14;0.04;2.39;JAWA TIMUR;BONDOWOSO 
3512;39.5228507819834;0.07;18.31;0.08;0.34;0.09;;JAWA TIMUR;SITUBONDO 
3513;40.6312851500403;0.21;16.57;0.17;0.07;0.1;;JAWA TIMUR;PROBOLINGGO 
3514;41.670517054503;0.06;17.24;0.13;0.23;0.05;;JAWA TIMUR;PASURUAN 
3515;52.262726348138;0.06;22.66;0.06;0.83;0.11;;JAWA TIMUR;SIDOARJO 
3516;47.2577066314414;0.07;15.45;0.21;0.2;0.06;;JAWA TIMUR;MOJOKERTO 
3517;48.3620441731255;0.02;23.03;0.1;0.2;0.04;;JAWA TIMUR;JOMBANG 
3518;46.7313112716955;0.13;18.13;0.02;0.25;0.09;;JAWA TIMUR;NGANJUK 
3519;46.3036906573202;1.24;17.2;0.07;0.11;0.09;;JAWA TIMUR;MADIUN 
3520;46.9789904854896;0.07;17.1;0.05;0.14;0.11;;JAWA TIMUR;MAGETAN 
3521;44.3445073276671;0.2;18.91;0.25;0.06;0.09;;JAWA TIMUR;NGAWI 
3522;43.5864636602263;0.14;15.71;0.08;0.17;0.02;;JAWA TIMUR;BOJONEGORO 
3523;43.4440733676762;0.44;16.41;0.33;0.31;0.14;4.61;JAWA TIMUR;TUBAN 
3524;46.6624939104539;0.06;18.82;0.27;0.13;0.07;6.43;JAWA TIMUR;LAMONGAN 
3525;46.9870280524544;0.08;15.06;0.07;0.32;0.07;3.4;JAWA TIMUR;GRESIK 
3526;35.8534807286836;0.05;17.6;0.26;0.22;0.06;;JAWA TIMUR;BANGKALAN 
3527;33.1172440820269;0.07;16.54;0.3;0.25;0.03;;JAWA TIMUR;SAMPANG 
3528;38.6541577478181;0.1;15.23;0.03;0.2;0.09;;JAWA TIMUR;PAMEKASAN 
3529;36.9471640204071;0.04;16.45;0.79;0.09;0.08;;JAWA TIMUR;SUMENEP 
3571;55.1176519304198;0.33;25.19;0.07;1.0;0.06;1.25;JAWA TIMUR;KEDIRI KOTA
3572;59.4320766708168;0.44;29.76;0.09;1.36;0.15;;JAWA TIMUR;BLITAR KOTA
3573;55.9610477393423;0.14;14.44;0.11;1.14;0.04;2.38;JAWA TIMUR;MALANG KOTA
3574;48.8623567556478;0.08;24.2;0.07;0.65;0.08;;JAWA TIMUR;PROBOLINGGO KOTA
3575;48.1382895001684;0.15;19.82;0.15;1.39;0.15;;JAWA TIMUR;PASURUAN KOTA
3576;54.6355795051326;0.89;24.12;0.09;0.46;0.05;;JAWA TIMUR;MOJOKERTO KOTA
3577;57.4479253726536;0.19;20.24;0.11;0.69;0.16;4.35;JAWA TIMUR;MADIUN KOTA
3578;53.1872013087024;0.0;20.91;;;;;JAWA TIMUR;SURABAYA KOTA
3579;49.9517747712948;0.7;9.5;0.44;0.68;0.11;3.98;JAWA TIMUR;BATU KOTA
3601;33.4380850434393;0.08;14.05;0.02;0.07;0.05;;BANTEN;PANDEGLANG 
3602;34.6552298826981;0.11;16.8;0.14;0.25;0.11;;BANTEN;LEBAK 
3603;43.155368524313;0.38;19.64;0.04;0.89;0.14;;BANTEN;TANGERANG 
3604;36.0995382210882;0.15;16.1;0.3;0.91;0.15;;BANTEN;SERANG 
3671;51.3794633045164;0.05;15.73;0.08;2.6;0.25;;BANTEN;TANGERANG KOTA
3672;49.7351581424193;0.19;16.07;0.11;0.7;0.31;;BANTEN;CILEGON KOTA
3673;41.9288275114742;0.17;9.2;0.03;1.9;0.09;;BANTEN;SERANG KOTA
3674;53.1882799990445;0.28;18.21;0.03;4.59;0.16;;BANTEN;TANGERANG SELATAN KOTA
5101;51.078854438416;0.17;17.25;0.05;0.37;0.02;5.02;BALI;JEMBRANA 
5102;53.8909701596574;0.15;21.74;0.03;0.47;0.02;2.84;BALI;TABANAN 
5103;60.4773135323633;0.16;17.5;0.02;1.45;0.07;;BALI;BADUNG 
5104;55.9314118221992;0.17;23.94;0.0;0.16;0.05;3.08;BALI;GIANYAR 
5105;49.6945255657021;0.08;27.01;0.05;0.77;0.03;3.24;BALI;KLUNGKUNG 
5106;46.7560166086428;0.05;27.91;0.03;0.34;0.01;3.87;BALI;BANGLI 
5107;45.7546902317437;0.11;18.33;0.14;0.66;0.03;;BALI;KARANGASEM 
5108;46.5982809772206;0.22;19.94;0.1;0.71;0.03;;BALI;BULELENG 
5171;62.7061927851277;0.0;16.6;;;;;BALI;DENPASAR KOTA
5201;41.8071492480854;0.06;19.44;0.31;0.45;0.11;;NUSA TENGGARA BARAT;LOMBOK BARAT 
5202;38.6427021109909;0.21;13.32;0.45;0.15;0.03;;NUSA TENGGARA BARAT;LOMBOK TENGAH 
5203;41.5452527860124;0.12;19.18;0.17;0.21;0.01;;NUSA TENGGARA BARAT;LOMBOK TIMUR 
5204;46.3365265943504;0.03;23.74;0.19;0.36;0.15;;NUSA TENGGARA BARAT;SUMBAWA 
5205;45.7949889806467;0.07;16.73;0.31;0.27;0.03;;NUSA TENGGARA BARAT;DOMPU 
5206;45.770184270437;0.09;16.94;0.68;0.08;0.11;;NUSA TENGGARA BARAT;BIMA 
5207;55.4549980896094;0.13;13.5;0.74;0.19;0.19;5.23;NUSA TENGGARA BARAT;SUMBAWA BARAT 
5208;36.8861537257051;0.17;19.87;0.14;1.08;0.03;;NUSA TENGGARA BARAT;LOMBOK UTARA 
5271;54.0152544703811;0.07;22.32;0.08;1.67;0.05;;NUSA TENGGARA BARAT;MATARAM KOTA
5272;51.8230900433084;0.36;18.85;0.15;0.43;0.12;4.77;NUSA TENGGARA BARAT;BIMA KOTA
5301;35.260585403448;0.43;22.42;0.05;0.23;0.08;;NUSA TENGGARA TIMUR;SUMBA BARAT 
5302;36.5280022118677;0.38;19.03;0.35;0.01;0.17;;NUSA TENGGARA TIMUR;SUMBA TIMUR 
5303;36.8907231568429;0.28;15.69;0.32;0.07;0.16;5.0;NUSA TENGGARA TIMUR;KUPANG 
5304;30.2467114002083;0.03;19.52;0.2;0.13;0.01;4.4;NUSA TENGGARA TIMUR;TIMOR TENGAH SELATAN 
5305;40.9457253160601;0.07;22.2;0.28;0.33;0.04;3.76;NUSA TENGGARA TIMUR;TIMOR TENGAH UTARA 
5306;41.2440516795423;2.21;22.12;0.45;0.41;0.2;3.87;NUSA TENGGARA TIMUR;BELU 
5307;42.7106898928783;0.07;18.71;0.09;0.17;0.02;;NUSA TENGGARA TIMUR;ALOR 
5308;43.4435185141909;0.03;12.35;0.21;0.0;0.01;27.14;NUSA TENGGARA TIMUR;LEMBATA 
5309;46.2744241615689;0.29;17.04;0.16;0.15;0.02;3.63;NUSA TENGGARA TIMUR;FLORES TIMUR 
5310;42.8998357326915;0.0;23.62;0.03;0.04;0.0;8.49;NUSA TENGGARA TIMUR;SIKKA 
5311;41.0278941777637;0.02;20.46;0.06;0.41;0.03;;NUSA TENGGARA TIMUR;ENDE 
5312;46.4401068849569;0.0;18.9;4.26;0.34;0.01;;NUSA TENGGARA TIMUR;NGADA 
5313;40.7480904114922;0.04;18.63;0.12;0.46;0.01;;NUSA TENGGARA TIMUR;MANGGARAI 
5314;39.4335046042899;0.07;15.29;0.08;0.08;0.08;;NUSA TENGGARA TIMUR;ROTE NDAO 
5315;39.9829899161827;0.89;18.28;0.24;0.56;0.01;;NUSA TENGGARA TIMUR;MANGGARAI BARAT 
5316;37.3812817968983;0.18;16.79;0.6;0.06;0.33;8.0;NUSA TENGGARA TIMUR;SUMBA TENGAH 
5317;27.5180716753788;0.15;12.78;0.39;0.07;0.08;;NUSA TENGGARA TIMUR;SUMBA BARAT DAYA 
5318;42.6125931106174;0.14;16.78;0.1;0.0;0.02;5.91;NUSA TENGGARA TIMUR;NAGEKEO 
5319;38.2727020674696;0.11;16.39;0.12;0.11;0.04;;NUSA TENGGARA TIMUR;MANGGARAI TIMUR 
5320;38.0871617156565;0.26;14.65;0.1;0.0;0.15;14.59;NUSA TENGGARA TIMUR;SABU RAIJUA 
5321;40.3995036975867;0.02;19.45;0.25;0.12;0.0;3.66;NUSA TENGGARA TIMUR;MALAKA 
5371;54.8131279715991;0.05;13.08;0.14;0.73;0.09;7.42;NUSA TENGGARA TIMUR;KUPANG KOTA
6101;40.4593166074545;0.07;15.23;0.09;0.47;0.1;;KALIMANTAN BARAT;SAMBAS 
6102;38.363847856022;0.09;15.79;0.06;0.13;0.11;;KALIMANTAN BARAT;BENGKAYANG 
6103;33.79120678846;0.07;19.71;0.07;0.37;0.13;;KALIMANTAN BARAT;LANDAK 
6104;42.0750933159774;0.02;26.63;0.08;0.48;0.03;;KALIMANTAN BARAT;MEMPAWAH 
6105;33.9304568742319;0.12;15.91;0.14;0.15;0.15;;KALIMANTAN BARAT;SANGGAU 
6106;34.1354349655079;0.06;12.08;0.09;0.39;0.17;;KALIMANTAN BARAT;KETAPANG 
6107;31.0927075391165;0.09;17.21;0.03;0.09;0.06;;KALIMANTAN BARAT;SINTANG 
6108;37.9222260564982;0.28;13.39;0.04;0.1;0.12;6.2;KALIMANTAN BARAT;KAPUAS HULU 
6109;33.7367565364837;0.32;19.65;0.07;0.22;0.03;8.14;KALIMANTAN BARAT;SEKADAU 
6110;28.8492897692574;0.15;10.85;0.17;0.07;0.06;;KALIMANTAN BARAT;MELAWI 
6111;43.0140249509209;0.12;15.27;0.18;0.04;0.3;;KALIMANTAN BARAT;KAYONG UTARA 
6112;39.47498418685;0.1;12.05;0.23;1.05;0.09;;KALIMANTAN BARAT;KUBU RAYA 
6171;54.9227593376784;0.0;18.29;;;;;KALIMANTAN BARAT;PONTIANAK KOTA
6172;47.8388574704061;0.07;27.87;0.08;0.56;0.01;3.53;KALIMANTAN BARAT;SINGKAWANG KOTA
6201;48.0345500817126;0.1;23.73;0.16;0.72;0.08;;KALIMANTAN TENGAH;KOTAWARINGIN BARAT 
6202;36.024427313405;0.05;18.77;0.06;0.13;0.02;;KALIMANTAN TENGAH;KOTAWARINGIN TIMUR 
6203;36.2429958227538;0.06;14.3;0.4;0.24;0.12;20.31;KALIMANTAN TENGAH;KAPUAS 
6204;38.4493481558414;0.07;17.3;0.04;0.37;0.05;;KALIMANTAN TENGAH;BARITO SELATAN 
6205;40.5021691075792;2.59;19.51;0.1;0.65;0.14;;KALIMANTAN TENGAH;BARITO UTARA 
6206;48.3491548586875;0.15;16.39;0.11;0.16;0.29;6.57;KALIMANTAN TENGAH;SUKAMARA 
6207;41.081477670432;2.41;19.78;0.12;0.48;0.03;8.0;KALIMANTAN TENGAH;LAMANDAU 
6208;37.2232175885039;0.32;15.78;0.04;0.56;0.13;;KALIMANTAN TENGAH;SERUYAN 
6209;37.0290119187921;0.26;14.24;0.35;0.33;0.26;;KALIMANTAN TENGAH;KATINGAN 
6210;43.9314332275781;0.16;16.21;0.38;0.02;0.31;;KALIMANTAN TENGAH;PULANG PISAU 
6211;36.6144107770198;0.24;16.56;0.08;0.25;0.28;;KALIMANTAN TENGAH;GUNUNG MAS 
6212;46.5800908448396;0.03;12.37;0.28;0.09;0.03;;KALIMANTAN TENGAH;BARITO TIMUR 
6213;36.0219004943461;0.21;16.39;0.43;0.2;0.03;;KALIMANTAN TENGAH;MURUNG RAYA 
6271;48.3640081367619;0.15;13.34;0.11;0.53;0.12;;KALIMANTAN TENGAH;PALANGKA RAYA KOTA
6301;45.8309279687985;0.05;18.61;0.05;0.19;0.2;;KALIMANTAN SELATAN;TANAH LAUT 
6302;41.3531084071258;0.06;14.11;0.33;0.12;0.12;;KALIMANTAN SELATAN;KOTABARU 
6303;40.8445160547365;0.37;20.94;0.07;1.16;0.11;;KALIMANTAN SELATAN;BANJAR 
6304;41.1014815572205;0.05;13.18;0.6;0.06;0.04;;KALIMANTAN SELATAN;BARITO KUALA 
6305;43.6944873655369;0.31;12.7;0.19;0.5;0.14;;KALIMANTAN SELATAN;TAPIN 
6306;47.9630671492413;0.09;27.89;0.08;0.73;0.14;;KALIMANTAN SELATAN;HULU SUNGAI SELATAN 
6307;44.7712888261525;0.5;20.24;0.49;0.58;0.27;2.61;KALIMANTAN SELATAN;HULU SUNGAI TENGAH 
6308;46.6735095279251;0.17;30.89;0.14;0.34;0.11;;KALIMANTAN SELATAN;HULU SUNGAI UTARA 
6309;47.3207195859363;0.5;14.29;0.18;1.25;0.12;;KALIMANTAN SELATAN;TABALONG 
6310;46.6525319302967;0.35;14.53;0.41;0.41;0.16;;KALIMANTAN SELATAN;TANAH BUMBU 
6311;49.3912299726498;0.33;14.49;0.35;0.32;0.08;;KALIMANTAN SELATAN;BALANGAN 
6371;55.6537785965614;0.88;16.23;0.03;4.14;0.33;;KALIMANTAN SELATAN;BANJARMASIN KOTA
6372;51.981167704035;0.19;11.3;0.12;1.8;0.11;4.27;KALIMANTAN SELATAN;BANJAR BARU KOTA
6401;44.9655830114337;0.11;10.94;0.13;0.36;0.14;;KALIMANTAN TIMUR;PASER 
6402;42.8912120826348;0.1;14.96;0.07;0.09;0.07;;KALIMANTAN TIMUR;KUTAI BARAT 
6403;42.3006653143345;0.22;15.64;0.2;0.22;0.35;;KALIMANTAN TIMUR;KUTAI KARTANEGARA 
6404;43.222454003836;0.05;15.18;0.1;0.36;0.11;;KALIMANTAN TIMUR;KUTAI TIMUR 
6405;49.9667745846579;0.42;16.78;0.45;0.56;0.13;;KALIMANTAN TIMUR;BERAU 
6409;45.7724464677556;0.02;18.8;0.01;0.23;0.0;;KALIMANTAN TIMUR;PENAJAM PASER UTARA 
6411;39.8261893133519;0.0;12.3;0.11;0.14;0.18;6.52;KALIMANTAN TIMUR;MAHAKAM HULU 
6471;56.0488570151582;0.1;16.45;0.03;2.73;0.24;;KALIMANTAN TIMUR;BALIKPAPAN KOTA
6472;55.6824503368615;0.24;11.58;0.04;0.11;0.02;;KALIMANTAN TIMUR;SAMARINDA KOTA
6474;54.5742809943951;0.64;19.92;0.12;1.19;0.42;;KALIMANTAN TIMUR;BONTANG KOTA
6501;41.4384579383331;0.23;13.74;0.04;0.55;0.09;;KALIMANTAN UTARA;MALINAU 
6502;48.4376532900175;0.21;25.57;0.15;0.85;0.04;;KALIMANTAN UTARA;BULUNGAN 
6503;48.7771159350838;0.12;17.07;0.27;0.55;0.05;2.93;KALIMANTAN UTARA;TANA TIDUNG 
6504;34.1720505671656;0.18;17.5;0.05;0.58;0.13;3.81;KALIMANTAN UTARA;NUNUKAN 
6571;54.8267116197708;0.06;14.57;0.08;1.41;0.05;;KALIMANTAN UTARA;TARAKAN KOTA
7101;43.4730299793994;0.55;18.15;0.46;0.04;0.17;;SULAWESI UTARA;BOLAANG MONGONDOW 
7102;48.3582585889751;0.03;19.42;0.03;0.51;0.17;;SULAWESI UTARA;MINAHASA 
7103;44.7086638412139;0.03;24.21;0.08;0.22;0.03;1.7;SULAWESI UTARA;KEPULAUAN SANGIHE 
7104;45.5618103749519;0.38;28.23;0.08;0.0;0.16;;SULAWESI UTARA;KEPULAUAN TALAUD 
7105;46.472837582003;0.46;11.56;0.33;0.24;0.03;2.93;SULAWESI UTARA;MINAHASA SELATAN 
7106;44.8101939288849;0.07;19.42;0.12;0.48;0.02;3.17;SULAWESI UTARA;MINAHASA UTARA 
7107;45.3535063180584;0.09;25.87;0.11;0.38;0.05;6.42;SULAWESI UTARA;BOLAANG MONGONDOW UTARA 
7108;47.0089419205957;0.08;19.37;0.14;0.65;0.11;;SULAWESI UTARA;SIAU TAGULANDANG BIARO 
7109;47.3114372011652;0.03;11.8;0.24;0.05;0.03;;SULAWESI UTARA;MINAHASA TENGGARA 
7110;44.0841117935329;0.46;18.41;0.03;0.26;0.04;;SULAWESI UTARA;BOLAANG MONGONDOW SELATAN 
7111;47.2699224425455;0.08;22.41;0.08;0.06;0.07;;SULAWESI UTARA;BOLAANG MONGONDOW TIMUR 
7171;55.2373477216913;0.1;11.64;0.04;2.36;0.01;;SULAWESI UTARA;MANADO KOTA
7172;49.0527904840167;0.19;13.51;0.12;1.65;0.02;;SULAWESI UTARA;BITUNG KOTA
7173;55.4439955928338;0.31;15.15;0.16;0.59;0.02;;SULAWESI UTARA;TOMOHON KOTA
7174;51.1361804400491;0.06;19.14;0.15;1.15;0.03;;SULAWESI UTARA;KOTAMOBAGU KOTA
7201;44.035850170183;0.32;14.76;0.17;0.28;0.06;;SULAWESI TENGAH;BANGGAI KEPULAUAN 
7202;45.5462104173314;0.9;26.23;0.26;0.6;0.06;;SULAWESI TENGAH;BANGGAI 
7203;43.0748758124095;0.28;14.36;0.03;0.51;0.15;;SULAWESI TENGAH;MOROWALI 
7204;51.1680818979094;0.2;18.56;0.09;0.13;0.02;;SULAWESI TENGAH;POSO 
7205;40.5069269044437;0.65;13.32;0.39;0.08;0.04;;SULAWESI TENGAH;DONGGALA 
7206;42.3255577542542;0.41;21.48;0.26;0.3;0.05;3.01;SULAWESI TENGAH;TOLI-TOLI 
7207;44.951283571502;0.41;19.57;0.68;0.02;0.1;1.8;SULAWESI TENGAH;BUOL 
7208;43.2282234630043;0.03;17.93;0.48;0.03;0.0;;SULAWESI TENGAH;PARIGI MOUTONG 
7209;40.2414639556521;2.16;19.66;0.1;0.33;0.03;;SULAWESI TENGAH;TOJO UNA-UNA 
7210;40.7537126401258;5.26;18.16;0.11;0.08;0.02;;SULAWESI TENGAH;SIGI 
7211;44.4369290734567;0.06;15.67;0.09;0.01;0.04;5.19;SULAWESI TENGAH;BANGGAI LAUT 
7212;44.2728888717331;0.21;19.0;0.05;0.02;0.13;;SULAWESI TENGAH;MOROWALI UTARA 
7271;54.6790254303027;8.76;16.84;0.1;1.4;0.19;;SULAWESI TENGAH;PALU KOTA
7301;43.907974470604;1.46;25.55;0.02;0.54;0.39;;SULAWESI SELATAN;KEPULAUAN SELAYAR 
7302;43.1450251417361;1.0;19.03;0.27;0.5;0.03;;SULAWESI SELATAN;BULUKUMBA 
7303;46.4864603298411;0.58;21.2;0.32;0.45;0.47;;SULAWESI SELATAN;BANTAENG 
7304;42.7770618760187;0.21;22.95;0.46;0.12;0.01;2.8;SULAWESI SELATAN;JENEPONTO 
7305;44.07401376314;0.03;29.65;0.46;0.17;0.1;;SULAWESI SELATAN;TAKALAR 
7306;44.12726090571;1.28;16.25;0.29;0.36;0.0;;SULAWESI SELATAN;GOWA 
7307;46.7833926496562;1.61;20.95;0.21;0.21;0.35;;SULAWESI SELATAN;SINJAI 
7308;47.136364275799;0.14;18.75;0.41;0.8;0.01;5.12;SULAWESI SELATAN;MAROS 
7309;41.4542086261063;0.16;23.09;0.26;0.2;0.02;;SULAWESI SELATAN;PANGKAJENE DAN KEPULAUAN 
7310;46.1824407018525;0.05;24.74;0.23;0.42;0.01;;SULAWESI SELATAN;BARRU 
7311;41.1758909921856;0.1;15.65;0.4;0.17;0.08;;SULAWESI SELATAN;BONE 
7312;48.9679879939884;0.08;19.77;0.24;0.25;0.01;11.87;SULAWESI SELATAN;SOPPENG 
7313;42.1946260633848;0.05;19.95;0.24;0.09;0.0;5.31;SULAWESI SELATAN;WAJO 
7314;47.0764376654126;0.06;21.19;0.28;0.41;0.03;6.64;SULAWESI SELATAN;SIDENRENG RAPPANG 
7315;45.3140154735306;0.03;21.97;0.62;0.54;0.11;;SULAWESI SELATAN;PINRANG 
7316;46.4207930805875;0.14;19.27;0.05;0.0;0.01;;SULAWESI SELATAN;ENREKANG 
7317;44.025947259137;0.08;16.25;0.26;0.14;0.29;;SULAWESI SELATAN;LUWU 
7318;41.6984355385651;0.09;19.77;0.05;0.04;0.0;;SULAWESI SELATAN;TANA TORAJA 
7322;42.622051690995;0.43;17.98;0.42;0.2;0.11;14.81;SULAWESI SELATAN;LUWU UTARA 
7325;47.4193819451937;0.36;23.43;0.25;0.26;0.05;3.45;SULAWESI SELATAN;LUWU TIMUR 
7326;43.9608545038675;0.22;13.79;0.14;0.21;0.04;;SULAWESI SELATAN;TORAJA UTARA 
7371;52.4659271648452;0.25;11.55;0.39;0.84;0.05;8.19;SULAWESI SELATAN;MAKASSAR KOTA
7372;52.5867266287884;0.15;26.58;0.1;1.08;0.07;6.33;SULAWESI SELATAN;PAREPARE KOTA
7373;51.6280754859782;0.62;23.87;0.13;0.9;0.16;7.98;SULAWESI SELATAN;PALOPO KOTA
7401;42.6971599165376;0.12;12.74;0.09;0.19;0.01;;SULAWESI TENGGARA;BUTON 
7402;48.4433887939037;0.01;16.33;0.43;0.07;0.02;12.08;SULAWESI TENGGARA;MUNA 
7403;44.5659803858177;0.08;14.81;1.11;0.36;0.07;;SULAWESI TENGGARA;KONAWE 
7404;45.1146664063559;0.07;20.65;0.37;0.39;0.26;3.55;SULAWESI TENGGARA;KOLAKA 
7405;41.2719710879026;0.55;9.9;0.09;0.12;0.01;;SULAWESI TENGGARA;KONAWE SELATAN 
7406;43.309804114259;0.75;14.27;0.07;0.16;0.01;9.46;SULAWESI TENGGARA;BOMBANA 
7407;48.7343686661811;2.44;19.12;0.41;0.88;0.02;3.59;SULAWESI TENGGARA;WAKATOBI 
7408;50.2155651148607;0.07;15.2;0.17;0.44;0.01;;SULAWESI TENGGARA;KOLAKA UTARA 
7409;46.0328334890411;0.09;11.13;0.15;0.25;0.08;;SULAWESI TENGGARA;BUTON UTARA 
7410;41.623173267914;0.17;8.15;0.38;0.03;0.06;;SULAWESI TENGGARA;KONAWE UTARA 
7411;40.2427633744961;0.22;12.15;0.11;0.0;0.02;;SULAWESI TENGGARA;KOLAKA TIMUR 
7412;40.9195901021862;0.12;11.79;0.15;0.04;0.01;;SULAWESI TENGGARA;KONAWE KEPULAUAN 
7413;47.6649089159385;0.08;19.98;0.2;0.0;0.06;;SULAWESI TENGGARA;MUNA BARAT 
7414;43.2428722652469;0.1;15.63;0.12;0.06;0.02;10.3;SULAWESI TENGGARA;BUTON TENGAH 
7415;44.5916267037833;0.2;14.89;0.05;0.07;0.02;4.88;SULAWESI TENGGARA;BUTON SELATAN 
7471;51.9673025016638;0.06;19.13;0.06;0.99;0.07;;SULAWESI TENGGARA;KENDARI KOTA
7472;56.4760272450329;0.06;18.71;0.1;0.71;0.04;;SULAWESI TENGGARA;BAUBAU KOTA
7501;46.5021850787578;0.14;15.87;0.09;0.03;0.04;;GORONTALO;BOALEMO 
7502;44.5011890644476;0.1;16.17;0.32;0.19;0.01;;GORONTALO;GORONTALO 
7503;48.9010259513152;0.95;15.19;0.12;0.36;0.04;;GORONTALO;POHUWATO 
7504;48.0825286844284;0.07;18.97;0.05;0.28;0.01;;GORONTALO;BONE BOLANGO 
7505;46.3121641890309;0.13;20.9;0.2;0.09;0.01;;GORONTALO;GORONTALO UTARA 
7571;51.1206033283973;0.06;25.64;0.09;0.73;0.01;;GORONTALO;GORONTALO KOTA
7601;44.7592921300431;0.15;16.38;0.24;0.29;0.19;;SULAWESI BARAT;MAJENE 
7602;42.5181896576713;0.04;21.55;0.2;0.51;0.16;1.97;SULAWESI BARAT;POLEWALI MANDAR 
7603;36.5528601085696;0.63;15.42;0.07;0.06;0.06;;SULAWESI BARAT;MAMASA 
7604;39.7724373091284;0.04;19.53;0.39;0.6;0.13;;SULAWESI BARAT;MAMUJU 
7605;44.3076931483903;;;;;;;SULAWESI BARAT;PASANGKAYU 
7606;42.4411851037829;0.32;16.88;0.08;0.27;0.05;6.14;SULAWESI BARAT;MAMUJU TENGAH 
8101;39.975936006344;;;;;;;MALUKU;KEPULAUAN TANIMBAR 
8102;37.6413338907229;0.26;12.85;0.05;0.45;0.02;;MALUKU;MALUKU TENGGARA 
8103;44.9679469644118;0.32;13.96;0.14;0.18;0.01;3.79;MALUKU;MALUKU TENGAH 
8104;41.3927564800666;0.01;10.56;0.24;0.29;0.02;8.58;MALUKU;BURU 
8105;28.5157448362801;0.23;16.01;0.16;0.34;0.13;;MALUKU;KEPULAUAN ARU 
8106;38.0225507993652;0.06;13.17;0.1;0.04;0.01;6.52;MALUKU;SERAM BAGIAN BARAT 
8107;33.7377982120856;0.14;14.62;0.38;0.13;0.06;5.38;MALUKU;SERAM BAGIAN TIMUR 
8108;35.3734668357038;0.28;10.7;0.11;0.08;0.05;20.0;MALUKU;MALUKU BARAT DAYA 
8109;31.3308133812548;0.17;12.29;0.24;0.02;0.16;3.75;MALUKU;BURU SELATAN 
8171;57.1660693687718;0.46;8.13;0.04;2.2;0.09;;MALUKU;AMBON KOTA
8172;42.5294092131279;0.06;14.1;0.17;1.86;0.03;7.63;MALUKU;TUAL KOTA
8201;41.0503511721927;0.55;12.44;0.08;0.09;0.07;;MALUKU UTARA;HALMAHERA BARAT 
8202;43.2131573778742;0.11;12.23;0.24;0.23;0.06;;MALUKU UTARA;HALMAHERA TENGAH 
8203;36.4358165515573;0.2;14.36;0.23;0.45;0.02;;MALUKU UTARA;KEPULAUAN SULA 
8204;33.2882546012299;0.07;15.2;0.09;0.48;0.19;4.89;MALUKU UTARA;HALMAHERA SELATAN 
8205;40.1664942576099;1.08;21.01;0.11;0.48;0.26;;MALUKU UTARA;HALMAHERA UTARA 
8206;43.3617137465759;0.09;13.98;0.65;0.18;0.13;7.35;MALUKU UTARA;HALMAHERA TIMUR 
8207;41.8851993651919;0.76;19.78;0.07;0.64;0.0;;MALUKU UTARA;PULAU MOROTAI 
8208;30.5359196302431;0.5;5.96;0.17;0.13;0.01;;MALUKU UTARA;PULAU TALIABU 
8271;52.807295395988;0.16;10.15;0.23;1.78;0.08;;MALUKU UTARA;TERNATE KOTA
8272;49.224610990323;0.09;17.63;0.13;0.58;0.04;;MALUKU UTARA;TIDORE KEPULAUAN KOTA
9101;38.1911070133248;0.16;15.59;0.54;0.14;0.15;3.68;PAPUA BARAT;FAKFAK 
9102;31.3482314919357;0.04;11.37;0.03;0.2;0.05;6.13;PAPUA BARAT;KAIMANA 
9103;34.1437912275052;2.12;10.74;0.65;0.54;0.05;;PAPUA BARAT;TELUK WONDAMA 
9104;33.4318600048966;3.22;11.71;0.36;0.48;0.04;;PAPUA BARAT;TELUK BINTUNI 
9105;40.7755481517709;0.09;13.43;0.07;1.41;0.02;;PAPUA BARAT;MANOKWARI 
9106;29.7957735195208;0.18;12.4;0.59;0.3;0.22;9.88;PAPUA BARAT;SORONG SELATAN 
9107;28.9685903627927;0.42;16.97;0.23;0.46;;9.55;PAPUA BARAT;SORONG 
9108;29.1256516626194;0.85;16.46;0.13;0.84;0.06;;PAPUA BARAT;RAJA AMPAT 
9109;24.1118973753366;0.99;25.91;0.29;0.56;0.01;;PAPUA BARAT;TAMBRAUW 
9110;34.4618418244402;0.02;18.65;0.11;0.02;0.02;13.15;PAPUA BARAT;MAYBRAT 
9111;36.228925263602;0.03;8.62;0.03;0.13;0.02;5.64;PAPUA BARAT;MANOKWARI SELATAN 
9112;21.6262033998811;1.81;10.08;0.11;;0.27;;PAPUA BARAT;PEGUNUNGAN ARFAK 
9171;48.3761148458726;0.11;19.7;0.47;1.29;0.33;;PAPUA BARAT;SORONG KOTA
9401;36.0885725119253;0.05;16.8;0.44;0.37;0.12;4.89;PAPUA;MERAUKE 
9402;25.4742142845228;0.01;18.9;0.4;0.53;0.03;;PAPUA;JAYAWIJAYA 
9403;40.2857917934003;8.66;12.42;0.26;0.35;0.19;;PAPUA;JAYAPURA 
9404;36.2309265055919;0.45;17.78;0.24;0.13;0.06;;PAPUA;NABIRE 
9408;33.2657692754604;0.02;14.12;0.05;0.01;;21.9;PAPUA;KEPULAUAN YAPEN 
9409;38.2220970957798;0.82;16.71;0.16;1.15;0.02;;PAPUA;BIAK NUMFOR 
9410;15.3099179539541;0.03;14.61;0.04;0.37;0.03;3.8;PAPUA;PANIAI 
9411;15.3413408628406;1.51;12.71;0.2;0.0;0.09;4.89;PAPUA;PUNCAK JAYA 
9412;30.5600431127894;0.04;12.72;0.3;0.66;0.13;;PAPUA;MIMIKA 
9413;26.9257776472494;;;;;;;PAPUA;BOVEN DIGOEL 
9414;22.3892222399126;0.01;21.39;0.84;0.13;0.11;7.1;PAPUA;MAPPI 
9415;15.7508936622277;0.4;18.31;0.45;0.01;0.01;;PAPUA;ASMAT 
9416;14.463829417362;0.41;10.87;1.3;0.13;;;PAPUA;YAHUKIMO 
9417;16.5548185524522;0.57;12.77;0.19;0.51;0.16;;PAPUA;PEGUNUNGAN BINTANG 
9418;14.7323113071318;0.0;10.56;;;;;PAPUA;TOLIKARA 
9419;33.8137921665343;1.14;11.16;0.46;0.26;0.09;6.44;PAPUA;SARMI 
9420;33.1506556222288;0.42;10.86;0.79;0.06;0.37;;PAPUA;KEEROM 
9426;27.143315113611;;;;;;;PAPUA;WAROPEN 
9427;38.5901614026384;0.6;10.5;0.29;0.63;0.07;6.27;PAPUA;SUPIORI 
9428;20.0100390038865;0.01;8.11;0.02;;0.12;8.16;PAPUA;MAMBERAMO RAYA 
9429;13.2324085205507;0.09;14.99;;0.18;;5.26;PAPUA;NDUGA 
9430;15.2033042861871;0.05;15.75;0.07;0.07;0.02;4.73;PAPUA;LANNY JAYA 
9431;23.7310647790369;0.07;7.28;0.2;0.11;0.11;7.4;PAPUA;MAMBERAMO TENGAH 
9432;19.362081515251;1.68;6.62;0.33;0.46;0.02;;PAPUA;YALIMO 
9433;14.0856860438335;0.0;14.68;;;;;PAPUA;PUNCAK 
9434;13.7959666177083;0.38;10.52;0.39;0.22;;;PAPUA;DOGIYAI 
9435;11.4790674736412;0.35;8.65;0.62;0.03;;;PAPUA;INTAN JAYA 
9436;19.674596564268;0.26;13.13;0.38;;0.12;;PAPUA;DEIYAI 
9471;51.4012090240476;0.22;10.5;0.2;0.29;0.08;;PAPUA;JAYAPURA KOTA
